,step,type,amount,oldbalanceOrig,oldbalanceDest,isFraud,trans_frequency_Dest,avg_trans_amount_Dest,variability_trans_amount_Dest,big_trans_flag,zero_new_balance_Dest_flag,zero_new_balance_Orig_flag
0,1,PAYMENT,9839.64,170136,0,0,1,9839.64,0,0,1,0
1,1,PAYMENT,1864.28,21249,0,0,1,1864.28,0,0,1,0
2,1,TRANSFER,181,181,0,1,44,225517.832,252655.7576,0,1,1
3,1,CASH_OUT,181,181,21182,1,41,439444.208,878990.4842,0,1,1
4,1,PAYMENT,11668.14,41554,0,0,1,11668.14,0,0,1,0
5,1,PAYMENT,7817.71,53860,0,0,1,7817.71,0,0,1,0
6,1,PAYMENT,7107.77,183195,0,0,1,7107.77,0,0,1,0
7,1,PAYMENT,7861.64,176087.23,0,0,1,7861.64,0,0,1,0
8,1,PAYMENT,4024.36,2671,0,0,1,4024.36,0,0,1,1
9,1,DEBIT,5337.77,41720,41898,0,34,178319.2053,205652.7266,0,0,0
10,1,DEBIT,9644.94,4465,10845,0,59,233680.0093,237196.9777,0,0,1
11,1,PAYMENT,3099.97,20771,0,0,1,3099.97,0,0,1,0
12,1,PAYMENT,2560.74,5070,0,0,1,2560.74,0,0,1,0
13,1,PAYMENT,11633.76,10127,0,0,1,11633.76,0,0,1,1
14,1,PAYMENT,4098.78,503264,0,0,1,4098.78,0,0,1,0
15,1,CASH_OUT,229133.94,15325,5083,0,41,233110.4717,252905.6661,0,0,1
16,1,PAYMENT,1563.82,450,0,0,1,1563.82,0,0,1,1
17,1,PAYMENT,1157.86,21156,0,0,1,1157.86,0,0,1,0
18,1,PAYMENT,671.64,15123,0,0,1,671.64,0,0,1,0
19,1,TRANSFER,215310.3,705,22425,0,47,169388.3204,152974.6957,0,1,1
20,1,PAYMENT,1373.43,13854,0,0,1,1373.43,0,0,1,0
21,1,DEBIT,9302.79,11299,29832,0,46,506518.7222,1025635.629,0,0,0
22,1,DEBIT,1065.41,1817,10330,0,68,346339.6943,402354.5094,0,1,0
23,1,PAYMENT,3876.41,67852,0,0,1,3876.41,0,0,1,0
24,1,TRANSFER,311685.89,10835,6267,0,82,355907.7293,452988.8023,0,0,1
25,1,PAYMENT,6061.13,443,0,0,1,6061.13,0,0,1,1
26,1,PAYMENT,9478.39,116494,0,0,1,9478.39,0,0,1,0
27,1,PAYMENT,8009.09,10968,0,0,1,8009.09,0,0,1,0
28,1,PAYMENT,8901.99,2958.91,0,0,1,8901.99,0,0,1,1
29,1,PAYMENT,9920.52,0,0,0,1,9920.52,0,0,1,1
30,1,PAYMENT,3448.92,0,0,0,1,3448.92,0,0,1,1
31,1,PAYMENT,4206.84,0,0,0,1,4206.84,0,0,1,1
32,1,PAYMENT,5885.56,0,0,0,1,5885.56,0,0,1,1
33,1,PAYMENT,5307.88,0,0,0,1,5307.88,0,0,1,1
34,1,PAYMENT,5031.22,0,0,0,1,5031.22,0,0,1,1
35,1,PAYMENT,24213.67,0,0,0,1,24213.67,0,0,1,1
36,1,PAYMENT,8603.42,253,0,0,1,8603.42,0,0,1,1
37,1,PAYMENT,2791.42,300481,0,0,1,2791.42,0,0,1,0
38,1,PAYMENT,7413.54,297689.58,0,0,1,7413.54,0,0,1,0
39,1,PAYMENT,3295.19,233633,0,0,1,3295.19,0,0,1,0
40,1,PAYMENT,1684.81,297,0,0,1,1684.81,0,0,1,1
41,1,DEBIT,5758.59,32604,209699,0,76,554932.4876,1676888.938,0,0,0
42,1,CASH_OUT,110414.71,26845.41,288800,0,45,201649.5204,211996.9016,0,0,1
43,1,PAYMENT,7823.46,998,0,0,1,7823.46,0,0,1,1
44,1,PAYMENT,5086.48,0,0,0,1,5086.48,0,0,1,1
45,1,PAYMENT,5281.48,152019,0,0,1,5281.48,0,0,1,0
46,1,PAYMENT,13875.98,15818,0,0,1,13875.98,0,0,1,0
47,1,CASH_OUT,56953.9,1942.02,70253,0,50,219113.4826,201124.939,0,0,1
48,1,CASH_OUT,5346.89,0,652637,0,101,402773.8712,520707.7175,0,0,1
49,1,PAYMENT,2204.04,586,0,0,1,2204.04,0,0,1,1
50,1,PAYMENT,2641.47,23053,0,0,1,2641.47,0,0,1,0
51,1,CASH_OUT,23261.3,20411.53,25742,0,49,494833.9433,1258353.51,0,1,1
52,1,PAYMENT,2330.64,203543,0,0,1,2330.64,0,0,1,0
53,1,PAYMENT,1614.64,41276,0,0,1,1614.64,0,0,1,0
54,1,PAYMENT,9164.71,47235.77,0,0,1,9164.71,0,0,1,0
55,1,PAYMENT,2970.97,38071.06,0,0,1,2970.97,0,0,1,0
56,1,PAYMENT,38.66,16174,0,0,1,38.66,0,0,1,0
57,1,PAYMENT,2252.44,1627,0,0,1,2252.44,0,0,1,1
58,1,TRANSFER,62610.8,79114,517,0,53,281338.0453,384076.1251,0,0,0
59,1,DEBIT,5529.13,8547,10206,0,31,245364.7645,288429.6064,0,1,0
60,1,CASH_OUT,82940.31,3017.87,132372,0,60,334454.2048,450639.0382,0,0,1
61,1,DEBIT,4510.22,10256,10697,0,70,261946.2451,340904.8929,0,1,0
62,1,DEBIT,8727.74,882770,12636,0,52,464104.4594,808760.9471,0,1,0
63,1,PAYMENT,2599.46,874042.26,0,0,1,2599.46,0,0,1,0
64,1,DEBIT,4874.49,153,253104,0,19,165502.3789,125039.8599,0,1,1
65,1,PAYMENT,6440.78,2192,0,0,1,6440.78,0,0,1,1
66,1,PAYMENT,4910.14,41551,0,0,1,4910.14,0,0,1,0
67,1,PAYMENT,6444.64,12019,0,0,1,6444.64,0,0,1,0
68,1,DEBIT,5149.66,4782,52752,0,38,271245.68,482151.5573,0,0,1
69,1,PAYMENT,7292.16,216827,0,0,1,7292.16,0,0,1,0
70,1,CASH_OUT,47458.86,209534.84,52120,0,60,575221.8208,1612411.044,0,1,0
71,1,CASH_OUT,136872.92,162075.98,217806,0,37,229235.8538,156470.1014,0,1,0
72,1,CASH_OUT,94253.33,25203.05,99773,0,96,277053.1357,436932.8358,0,0,1
73,1,PAYMENT,2998.04,12030,0,0,1,2998.04,0,0,1,0
74,1,PAYMENT,3454.08,9031.96,0,0,1,3454.08,0,0,1,0
75,1,PAYMENT,4316.2,10999,0,0,1,4316.2,0,0,1,0
76,1,PAYMENT,2131.84,224,0,0,1,2131.84,0,0,1,1
77,1,PAYMENT,12986.61,23350,0,0,1,12986.61,0,0,1,0
78,1,TRANSFER,42712.39,10363.39,57901.66,0,38,271245.68,482151.5573,0,0,1
79,1,TRANSFER,77957.68,0,94900,0,45,295164.0198,357554.2703,0,0,1
80,1,TRANSFER,17231.46,0,24672,0,46,215256.2241,254763.4861,0,1,1
81,1,TRANSFER,78766.03,0,103772,0,52,252535.0929,394498.6304,0,0,1
82,1,TRANSFER,224606.64,0,354678.92,0,37,229235.8538,156470.1014,0,1,1
83,1,TRANSFER,125872.53,0,348512,0,95,318117.8245,525756.1287,0,0,1
84,1,TRANSFER,379856.23,0,900180,0,101,427783.1841,546776.4605,1,0,1
85,1,TRANSFER,1505626.01,0,29031,0,105,845232.2322,2975834.548,1,0,1
86,1,TRANSFER,554026.99,0,579285.56,0,37,229235.8538,156470.1014,1,1,1
87,1,TRANSFER,147543.1,0,223220,0,39,278445.651,371083.7578,0,0,1
88,1,TRANSFER,761507.39,0,1280036.23,0,101,427783.1841,546776.4605,1,0,1
89,1,TRANSFER,1429051.47,0,2041543.62,0,101,427783.1841,546776.4605,1,0,1
90,1,TRANSFER,358831.92,0,474384.53,0,95,318117.8245,525756.1287,0,0,1
91,1,TRANSFER,367768.4,0,370763.1,0,39,278445.651,371083.7578,1,0,1
92,1,TRANSFER,209711.11,0,399214.71,0,45,201649.5204,211996.9016,0,0,1
93,1,TRANSFER,583848.46,0,667778,0,113,685211.8877,2616135.304,1,0,1
94,1,TRANSFER,1724887.05,0,3470595.1,0,101,427783.1841,546776.4605,1,0,1
95,1,TRANSFER,710544.77,0,738531.5,0,39,278445.651,371083.7578,1,0,1
96,1,TRANSFER,581294.26,0,5195482.15,0,101,427783.1841,546776.4605,1,0,1
97,1,TRANSFER,11996.58,0,40255,0,53,344946.1421,461468.6261,0,1,1
98,1,PAYMENT,2875.1,15443,0,0,1,2875.1,0,0,1,0
99,1,PAYMENT,8586.98,3763,0,0,1,8586.98,0,0,1,1
100,1,PAYMENT,871.75,19869,0,0,1,871.75,0,0,1,0
101,1,PAYMENT,1035.36,71636,0,0,1,1035.36,0,0,1,0
102,1,PAYMENT,1063.53,83084,0,0,1,1063.53,0,0,1,0
103,1,PAYMENT,1019.9,204237,0,0,1,1019.9,0,0,1,0
104,1,PAYMENT,4059.38,26304,0,0,1,4059.38,0,0,1,0
105,1,PAYMENT,1876.44,182,0,0,1,1876.44,0,0,1,1
106,1,CASH_OUT,28404.6,0,51744,0,35,200601.5726,218205.173,0,1,1
107,1,CASH_OUT,75405.1,0,104209,0,80,330883.1305,389827.0497,0,0,1
108,1,CASH_OUT,50101.88,0,67684,0,96,1351749.454,5031628.751,0,0,1
109,1,CASH_OUT,14121.82,0,52679,0,43,416399.1588,615000.9069,0,0,1
110,1,CASH_OUT,78292.91,0,121112,0,58,343235.1012,456896.1859,0,0,1
111,1,CASH_OUT,176149.9,0,259813,0,52,299780.48,539895.8769,0,0,1
112,1,CASH_OUT,212228.35,0,429747,0,42,207332.4024,150015.2212,0,0,1
113,1,CASH_OUT,85423.63,0,5776776.41,0,101,427783.1841,546776.4605,0,0,1
114,1,CASH_OUT,11648.5,0,260976,0,109,389200.8072,553375.1606,0,0,1
115,1,PAYMENT,6165.58,20925,0,0,1,6165.58,0,0,1,0
116,1,PAYMENT,3705.83,41903.46,0,0,1,3705.83,0,0,1,0
117,1,CASH_OUT,419801.4,38197.63,499962,0,80,289359.2965,311438.9863,1,0,1
118,1,CASH_OUT,335416.51,144478,295,0,49,197251.6061,131442.6616,0,0,1
119,1,PAYMENT,3372.29,41398,0,0,1,3372.29,0,0,1,0
120,1,PAYMENT,661.43,14078,0,0,1,661.43,0,0,1,0
121,1,DEBIT,864.68,69836,12040,0,70,264042.5566,285716.9169,0,0,0
122,1,PAYMENT,1203.44,29941,0,0,1,1203.44,0,0,1,0
123,1,TRANSFER,330757.04,103657,79676,0,67,278773.111,329207.996,0,0,1
124,1,PAYMENT,1915.43,11450,0,0,1,1915.43,0,0,1,0
125,1,PAYMENT,8.73,81313,0,0,1,8.73,0,0,1,0
126,1,DEBIT,3058.8,18138,11054,0,42,260177.5112,311729.6289,0,0,0
127,1,PAYMENT,5154.97,9476,0,0,1,5154.97,0,0,1,0
128,1,PAYMENT,5213.25,36380,0,0,1,5213.25,0,0,1,0
129,1,PAYMENT,5392.75,50757,0,0,1,5392.75,0,0,1,0
130,1,PAYMENT,25.12,61663,0,0,1,25.12,0,0,1,0
131,1,PAYMENT,17150.89,61637.88,0,0,1,17150.89,0,0,1,0
132,1,TRANSFER,679502.24,290,171866,0,99,378313.4484,457796.0672,1,0,1
133,1,TRANSFER,177652.91,23720,55,0,26,174847.5092,121701.8179,0,0,1
134,1,PAYMENT,5443.26,236997,0,0,1,5443.26,0,0,1,0
135,1,PAYMENT,244.87,257978.49,0,0,1,244.87,0,0,1,0
136,1,PAYMENT,8281.57,257733.62,0,0,1,8281.57,0,0,1,0
137,1,PAYMENT,1175.59,20509,0,0,1,1175.59,0,0,1,0
138,1,PAYMENT,1097.74,24866,0,0,1,1097.74,0,0,1,0
139,1,TRANSFER,184986.8,39588,52340,0,31,232861.4365,398903.5322,0,0,1
140,1,PAYMENT,1718.29,117811,0,0,1,1718.29,0,0,1,0
141,1,PAYMENT,3671.32,100094,0,0,1,3671.32,0,0,1,0
142,1,DEBIT,3580.26,2565,21185,0,54,269494.7024,287133.8064,0,0,1
143,1,PAYMENT,8550.9,40060,0,0,1,8550.9,0,0,1,0
144,1,PAYMENT,9753.55,60829,0,0,1,9753.55,0,0,1,0
145,1,PAYMENT,3026.98,31139,0,0,1,3026.98,0,0,1,0
146,1,CASH_OUT,467177.03,28112.02,975121,0,59,454965.0083,1043876.477,1,0,1
147,1,DEBIT,3875.99,259138,608925.82,0,45,201649.5204,211996.9016,0,0,0
148,1,PAYMENT,2148.89,31213,0,0,1,2148.89,0,0,1,0
149,1,PAYMENT,466.97,80030,0,0,1,466.97,0,0,1,0
150,1,CASH_OUT,154139.72,79563.03,410433.04,0,67,278773.111,329207.996,0,0,1
151,1,CASH_OUT,82685.93,0,833216.44,0,95,318117.8245,525756.1287,0,0,1
152,1,CASH_OUT,83857.23,0,215457.59,0,76,554932.4876,1676888.938,0,0,1
153,1,CASH_OUT,99109.77,0,299314.82,0,76,554932.4876,1676888.938,0,0,1
154,1,CASH_OUT,187726.67,0,190573,0,57,261841.3346,326517.3999,0,0,1
155,1,CASH_OUT,281339.92,0,612801.81,0,45,201649.5204,211996.9016,0,0,1
156,1,CASH_OUT,186447.51,0,5862200.03,0,101,427783.1841,546776.4605,0,0,1
157,1,CASH_OUT,81029.86,0,105343,0,46,344824.7383,745397.7169,0,0,1
158,1,CASH_OUT,139054.95,0,182538.03,0,52,252535.0929,394498.6304,0,0,1
159,1,CASH_OUT,154716.2,0,187433,0,84,462567.7718,974781.4103,0,0,1
160,1,CASH_OUT,53631.83,0,83244,0,53,254585.4981,247717.1085,0,1,1
161,1,CASH_OUT,289645.52,0,871442.79,0,97,437143.4887,711931.5137,0,0,1
162,1,CASH_OUT,267148.82,0,641975.35,0,42,207332.4024,150015.2212,0,0,1
163,1,CASH_OUT,47913.58,0,51304,0,30,275896.372,355348.7531,0,1,1
164,1,CASH_OUT,193605.38,0,249452.05,0,19,165502.3789,125039.8599,0,1,1
165,1,CASH_OUT,344464.4,0,1133312.56,0,37,229235.8538,156470.1014,0,1,1
166,1,CASH_OUT,169409.87,0,909124.16,0,42,207332.4024,150015.2212,0,0,1
167,1,CASH_OUT,25793.74,0,215312.31,0,60,334454.2048,450639.0382,0,0,1
168,1,CASH_OUT,114712.48,0,145400,0,45,637951.916,1034248.804,0,1,1
169,1,CASH_OUT,89038.75,0,189808,0,102,520332.7329,1212525.83,0,0,1
170,1,CASH_OUT,1341.58,0,80341,0,66,168031.4776,126349.3424,0,0,1
171,1,CASH_OUT,44443.08,0,6048647.54,0,101,427783.1841,546776.4605,0,0,1
172,1,CASH_OUT,34729.64,0,44853,0,43,575107.9344,1347976.496,0,0,1
173,1,CASH_OUT,105979.34,0,435962.9,0,52,299780.48,539895.8769,0,0,1
174,1,CASH_OUT,57794.61,0,99217.58,0,30,275896.372,355348.7531,0,1,1
175,1,CASH_OUT,15918.79,0,24553,0,34,209815.3594,186535.0952,0,1,1
176,1,CASH_OUT,19162.08,0,60169,0,69,301312.4107,550013.3933,0,0,1
177,1,CASH_OUT,220691.42,0,6093090.62,0,101,427783.1841,546776.4605,0,0,1
178,1,CASH_OUT,9536.54,0,49161,0,48,191991.9502,171933.7033,0,0,1
179,1,CASH_OUT,29784.06,0,63553,0,47,251383.45,448140.7169,0,1,1
180,1,CASH_OUT,190445.51,0,203679,0,98,358380.5028,489951.942,0,0,1
181,1,CASH_OUT,57279.11,0,127206.9,0,50,219113.4826,201124.939,0,0,1
182,1,CASH_OUT,112086.81,0,292728,0,72,339101.2925,524030.0448,0,0,1
183,1,CASH_OUT,80311.89,0,87408,0,44,211191.6757,257255.3878,0,0,1
184,1,CASH_OUT,151829.91,0,1161088.31,0,97,437143.4887,711931.5137,0,0,1
185,1,CASH_OUT,26004.52,0,52251.58,0,53,344946.1421,461468.6261,0,1,1
186,1,CASH_OUT,3146.16,0,9471,0,82,470574.0888,1231799.563,0,0,1
187,1,CASH_OUT,296752.75,0,404814.81,0,72,339101.2925,524030.0448,0,0,1
188,1,CASH_OUT,191702.06,0,272624.5,0,109,389200.8072,553375.1606,0,0,1
189,1,CASH_OUT,365510.05,0,564572.76,0,67,278773.111,329207.996,1,0,1
190,1,CASH_OUT,202332.08,0,342149.2,0,84,462567.7718,974781.4103,0,0,1
191,1,CASH_OUT,55105.9,0,317952.89,0,82,355907.7293,452988.8023,0,0,1
192,1,CASH_OUT,171508.59,0,443057.43,0,19,165502.3789,125039.8599,0,1,1
193,1,CASH_OUT,178439.26,0,278846.75,0,102,520332.7329,1212525.83,0,0,1
194,1,CASH_OUT,88834.86,0,464326.57,0,109,389200.8072,553375.1606,0,0,1
195,1,CASH_OUT,210370.09,0,1442298.03,0,59,454965.0083,1043876.477,0,0,1
196,1,CASH_OUT,36437.06,0,154606,0,38,162082.3605,190316.0496,0,0,1
197,1,CASH_OUT,82691.56,0,657983.89,0,101,402773.8712,520707.7175,0,0,1
198,1,CASH_OUT,338767.1,0,544481.28,0,84,462567.7718,974781.4103,0,0,1
199,1,CASH_OUT,187728.59,0,394124.51,0,98,358380.5028,489951.942,0,0,1
200,1,CASH_OUT,271002.7,0,851368.24,0,99,378313.4484,457796.0672,0,0,1
201,1,CASH_OUT,323105.08,0,378299.67,0,57,261841.3346,326517.3999,0,0,1
202,1,CASH_OUT,10782.94,0,100585,0,38,207463.3495,195636.4487,0,1,1
203,1,CASH_OUT,89962.11,0,157012.19,0,30,275896.372,355348.7531,0,1,1
204,1,CASH_OUT,101940.14,0,105362,0,43,161491.6788,147162.4485,0,0,1
205,1,CASH_OUT,163100.34,0,1078534.03,0,42,207332.4024,150015.2212,0,0,1
206,1,CASH_OUT,136030.66,0,136875.83,0,53,254585.4981,247717.1085,0,1,1
207,1,CASH_OUT,68912.23,0,237326.8,0,31,232861.4365,398903.5322,0,0,1
208,1,CASH_OUT,73464.06,0,444779,0,99,1796820.855,6777988.817,0,0,1
209,1,CASH_OUT,106117.28,0,234216.94,0,41,233110.4717,252905.6661,0,0,1
210,1,CASH_OUT,503333.79,0,553161.42,0,109,389200.8072,553375.1606,1,0,1
211,1,CASH_OUT,71991.42,0,81682.58,0,66,168031.4776,126349.3424,0,0,1
212,1,CASH_OUT,91379.93,0,1241634.38,0,42,207332.4024,150015.2212,0,0,1
213,1,CASH_OUT,26759.05,0,581853.1,0,98,358380.5028,489951.942,0,0,1
214,1,CASH_OUT,128487.35,0,701404.75,0,57,261841.3346,326517.3999,0,0,1
215,1,CASH_OUT,252908.87,0,919763.4,0,80,289359.2965,311438.9863,0,0,1
216,1,CASH_OUT,64489.64,0,398424.59,0,76,554932.4876,1676888.938,0,0,1
217,1,CASH_OUT,171369.73,0,1122370.94,0,99,378313.4484,457796.0672,0,0,1
218,1,PAYMENT,4493.29,8258,0,0,1,4493.29,0,0,1,0
219,1,PAYMENT,12121.5,97058,0,0,1,12121.5,0,0,1,0
220,1,PAYMENT,2278.19,290,0,0,1,2278.19,0,0,1,1
221,1,PAYMENT,7707.44,99827,0,0,1,7707.44,0,0,1,0
222,1,PAYMENT,4013.02,92119.56,0,0,1,4013.02,0,0,1,0
223,1,PAYMENT,5775.15,132329,0,0,1,5775.15,0,0,1,0
224,1,PAYMENT,4843.93,51718,0,0,1,4843.93,0,0,1,0
225,1,PAYMENT,2397.82,20421,0,0,1,2397.82,0,0,1,0
226,1,PAYMENT,4391.44,228,0,0,1,4391.44,0,0,1,1
227,1,DEBIT,4497.87,107388,19053,0,62,282961.7771,369195.4206,0,0,0
228,1,PAYMENT,7452.89,102397,0,0,1,7452.89,0,0,1,0
229,1,PAYMENT,3930.81,6032,0,0,1,3930.81,0,0,1,0
230,1,CASH_OUT,71532.24,2101.19,74956,0,40,190457.298,217222.9549,0,0,1
231,1,CASH_OUT,61159.51,0,340334.22,0,41,233110.4717,252905.6661,0,0,1
232,1,CASH_OUT,12401.9,0,349763,0,56,314003.0077,427277.7797,0,1,1
233,1,CASH_OUT,32702.61,0,253053,0,50,227527.0746,258089.2641,0,0,1
234,1,PAYMENT,6926.67,152927,0,0,1,6926.67,0,0,1,0
235,1,PAYMENT,893.57,10676,0,0,1,893.57,0,0,1,0
236,1,TRANSFER,480222.51,11110,1293740.67,0,99,378313.4484,457796.0672,1,0,1
237,1,PAYMENT,3608.41,11150,0,0,1,3608.41,0,0,1,0
238,1,PAYMENT,5946.79,7541.59,0,0,1,5946.79,0,0,1,0
239,1,PAYMENT,6099.96,42133,0,0,1,6099.96,0,0,1,0
240,1,PAYMENT,372.34,65254,0,0,1,372.34,0,0,1,0
241,1,PAYMENT,4635.18,6313782.05,0,0,1,4635.18,0,0,1,0
242,1,PAYMENT,1267.97,6309146.87,0,0,1,1267.97,0,0,1,0
243,1,PAYMENT,6911.99,6307878.9,0,0,1,6911.99,0,0,1,0
244,1,PAYMENT,1795.67,6300966.92,0,0,1,1795.67,0,0,1,0
245,1,PAYMENT,3199.06,6299171.25,0,0,1,3199.06,0,0,1,0
246,1,PAYMENT,10265.17,6295972.18,0,0,1,10265.17,0,0,1,0
247,1,PAYMENT,9029.12,25480,0,0,1,9029.12,0,0,1,0
248,1,PAYMENT,7600.57,50747,0,0,1,7600.57,0,0,1,0
249,1,PAYMENT,2057.71,25132,0,0,1,2057.71,0,0,1,0
250,1,PAYMENT,3823.08,10382,0,0,1,3823.08,0,0,1,0
251,1,TRANSFER,2806,2806,0,1,30,356946.164,369920.3352,0,1,1
252,1,CASH_OUT,2806,2806,26202,1,35,231365.6991,202770.8966,0,1,1
253,1,PAYMENT,6737.2,624,0,0,1,6737.2,0,0,1,1
254,1,PAYMENT,9161.98,11128,0,0,1,9161.98,0,0,1,0
255,1,PAYMENT,1239.06,396386,0,0,1,1239.06,0,0,1,0
256,1,PAYMENT,365,319,0,0,1,365,0,0,1,1
257,1,PAYMENT,5237.54,27105,0,0,1,5237.54,0,0,1,0
258,1,PAYMENT,2618.76,21867.46,0,0,1,2618.76,0,0,1,0
259,1,PAYMENT,339.82,12076,0,0,1,339.82,0,0,1,0
260,1,DEBIT,1393.46,100068,26446,0,66,334101.7439,546635.8783,0,0,0
261,1,PAYMENT,2731.37,17540,0,0,1,2731.37,0,0,1,0
262,1,PAYMENT,8364.73,81,0,0,1,8364.73,0,0,1,1
263,1,PAYMENT,6598.71,16392,0,0,1,6598.71,0,0,1,0
264,1,PAYMENT,4304.58,10708,0,0,1,4304.58,0,0,1,0
265,1,PAYMENT,2867.14,943,0,0,1,2867.14,0,0,1,1
266,1,PAYMENT,2946.38,0,0,0,1,2946.38,0,0,1,1
267,1,PAYMENT,507.12,87005,0,0,1,507.12,0,0,1,0
268,1,PAYMENT,3020.86,50361,0,0,1,3020.86,0,0,1,0
269,1,PAYMENT,8948.03,11137,0,0,1,8948.03,0,0,1,0
270,1,CASH_OUT,280877.92,2188.97,462914.23,0,76,554932.4876,1676888.938,0,0,1
271,1,PAYMENT,1084.9,13727,0,0,1,1084.9,0,0,1,0
272,1,PAYMENT,9456.69,12642.1,0,0,1,9456.69,0,0,1,0
273,1,PAYMENT,5812.36,3185.41,0,0,1,5812.36,0,0,1,1
274,1,TRANSFER,157883.07,46547,72793,0,48,152531.3971,144056.086,0,0,1
275,1,PAYMENT,2734.77,4511,0,0,1,2734.77,0,0,1,0
276,1,CASH_OUT,102153.86,1776.23,230676.07,0,48,152531.3971,144056.086,0,0,1
277,1,PAYMENT,584.52,15479,0,0,1,584.52,0,0,1,0
278,1,PAYMENT,6113.14,15629,0,0,1,6113.14,0,0,1,0
279,1,CASH_OUT,369989.2,9515.86,518243.06,0,99,1796820.855,6777988.817,1,0,1
280,1,CASH_OUT,215338.28,0,285755.61,0,50,227527.0746,258089.2641,0,0,1
281,1,CASH_OUT,65521.42,0,93337.06,0,47,251383.45,448140.7169,0,1,1
282,1,CASH_OUT,116977.58,0,191043.06,0,38,162082.3605,190316.0496,0,0,1
283,1,CASH_OUT,262392.36,0,457286.01,0,102,520332.7329,1212525.83,0,0,1
284,1,CASH_OUT,51121.05,0,308020.64,0,38,162082.3605,190316.0496,0,0,1
285,1,CASH_OUT,202624.59,0,1056495.21,0,109,389200.8072,553375.1606,0,0,1
286,1,CASH_OUT,118235.16,0,332829.93,0,48,152531.3971,144056.086,0,0,1
287,1,CASH_OUT,118056.71,0,272906.49,0,53,254585.4981,247717.1085,0,1,1
288,1,CASH_OUT,498960.91,0,608612.15,0,98,358380.5028,489951.942,1,0,1
289,1,CASH_OUT,691738.36,0,6285707.02,0,101,427783.1841,546776.4605,1,0,1
290,1,CASH_OUT,58820.08,0,1107573.06,0,98,358380.5028,489951.942,0,0,1
291,1,PAYMENT,4419.04,52951,0,0,1,4419.04,0,0,1,0
292,1,PAYMENT,4270.02,9516,0,0,1,4270.02,0,0,1,0
293,1,PAYMENT,3007.83,49905,0,0,1,3007.83,0,0,1,0
294,1,PAYMENT,1824.59,25138,0,0,1,1824.59,0,0,1,0
295,1,PAYMENT,993.46,19448,0,0,1,993.46,0,0,1,0
296,1,CASH_OUT,302693.14,18454.54,306239.03,0,31,232861.4365,398903.5322,0,0,1
297,1,PAYMENT,1445.06,10892,0,0,1,1445.06,0,0,1,0
298,1,PAYMENT,4059.25,4186,0,0,1,4059.25,0,0,1,0
299,1,PAYMENT,3417.18,126.75,0,0,1,3417.18,0,0,1,1
300,1,DEBIT,3428.95,147798,1534657.01,0,105,845232.2322,2975834.548,0,0,0
301,1,PAYMENT,5580.98,7781,0,0,1,5580.98,0,0,1,0
302,1,DEBIT,3455.85,3509,1333014.31,0,42,207332.4024,150015.2212,0,0,0
303,1,PAYMENT,7265.63,14508,0,0,1,7265.63,0,0,1,0
304,1,PAYMENT,3852.64,1449076.27,0,0,1,3852.64,0,0,1,0
305,1,PAYMENT,7870.29,1445223.63,0,0,1,7870.29,0,0,1,0
306,1,DEBIT,12872.92,11197,51885,0,58,259724.3579,572503.7347,0,1,1
307,1,PAYMENT,6675.34,10107,0,0,1,6675.34,0,0,1,0
308,1,CASH_OUT,410201.89,21448,61613,0,42,283415.7774,516409.5746,1,0,1
309,1,PAYMENT,13310.78,0,0,0,1,13310.78,0,0,1,1
310,1,PAYMENT,664.35,102983,0,0,1,664.35,0,0,1,0
311,1,PAYMENT,2130.3,10958,0,0,1,2130.3,0,0,1,0
312,1,PAYMENT,7771.4,8827.7,0,0,1,7771.4,0,0,1,0
313,1,PAYMENT,36349.35,1056.3,0,0,1,36349.35,0,0,1,1
314,1,PAYMENT,749.34,0,0,0,1,749.34,0,0,1,1
315,1,PAYMENT,2340.34,0,0,0,1,2340.34,0,0,1,1
316,1,PAYMENT,9686.85,0,0,0,1,9686.85,0,0,1,1
317,1,PAYMENT,15785.85,0,0,0,1,15785.85,0,0,1,1
318,1,PAYMENT,9006.78,0,0,0,1,9006.78,0,0,1,1
319,1,PAYMENT,9014.95,0,0,0,1,9014.95,0,0,1,1
320,1,PAYMENT,14420.66,0,0,0,1,14420.66,0,0,1,1
321,1,PAYMENT,4802.31,0,0,0,1,4802.31,0,0,1,1
322,1,PAYMENT,28527.44,0,0,0,1,28527.44,0,0,1,1
323,1,PAYMENT,4182.93,0,0,0,1,4182.93,0,0,1,1
324,1,PAYMENT,4088.21,0,0,0,1,4088.21,0,0,1,1
325,1,PAYMENT,8491.9,0,0,0,1,8491.9,0,0,1,1
326,1,DEBIT,6666.78,11876,24777,0,40,180116.824,210664.2605,0,0,0
327,1,PAYMENT,6536.86,17319,0,0,1,6536.86,0,0,1,0
328,1,CASH_OUT,40684.97,10782.14,49530,0,31,208629.8187,354116.3808,0,0,1
329,1,PAYMENT,1553.21,31516,0,0,1,1553.21,0,0,1,0
330,1,DEBIT,7344.92,0,185432,0,25,154452.0688,127737.2487,0,1,1
331,1,CASH_OUT,106267.21,0,241106.05,0,60,334454.2048,450639.0382,0,0,1
332,1,PAYMENT,5491.5,36605,0,0,1,5491.5,0,0,1,0
333,1,PAYMENT,3666.42,48117,0,0,1,3666.42,0,0,1,0
334,1,PAYMENT,5507.18,36030,0,0,1,5507.18,0,0,1,0
335,1,DEBIT,4565.14,30265,829892.09,0,57,261841.3346,326517.3999,0,0,0
336,1,PAYMENT,11348.71,734899,0,0,1,11348.71,0,0,1,0
337,1,TRANSFER,123179.97,7215,12904.68,0,70,264042.5566,285716.9169,0,0,1
338,1,PAYMENT,7073.6,0,0,0,1,7073.6,0,0,1,1
339,1,PAYMENT,2803.83,0,0,0,1,2803.83,0,0,1,1
340,1,PAYMENT,106.81,0,0,0,1,106.81,0,0,1,1
341,1,PAYMENT,6297.71,762,0,0,1,6297.71,0,0,1,1
342,1,PAYMENT,2610.01,58697.54,0,0,1,2610.01,0,0,1,0
343,1,PAYMENT,5320.1,56087.54,0,0,1,5320.1,0,0,1,0
344,1,PAYMENT,1460.63,1132,0,0,1,1460.63,0,0,1,1
345,1,TRANSFER,522264.81,24,11361,0,90,514130.9389,1579226.204,1,0,1
346,1,DEBIT,3584.21,135496,100614.05,0,38,271245.68,482151.5573,0,0,0
347,1,PAYMENT,3704.97,24553,0,0,1,3704.97,0,0,1,0
348,1,PAYMENT,2773.61,14332,0,0,1,2773.61,0,0,1,0
349,1,PAYMENT,3896.42,11558.39,0,0,1,3896.42,0,0,1,0
350,1,PAYMENT,18781.84,7661.97,0,0,1,18781.84,0,0,1,1
351,1,PAYMENT,6660.33,17710,0,0,1,6660.33,0,0,1,0
352,1,TRANSFER,26923.42,11049.67,199404.91,0,58,343235.1012,456896.1859,0,0,1
353,1,TRANSFER,53783.57,0,75514,0,92,334591.8013,446929.3757,0,0,1
354,1,TRANSFER,80333.28,0,321592.98,0,52,252535.0929,394498.6304,0,0,1
355,1,TRANSFER,211075.91,0,930082.81,0,67,278773.111,329207.996,0,0,1
356,1,TRANSFER,100677.86,0,701567.56,0,72,339101.2925,524030.0448,0,0,1
357,1,TRANSFER,473499.51,0,883248.39,0,84,462567.7718,974781.4103,1,0,1
358,1,TRANSFER,1538200.39,0,6977445.38,0,101,427783.1841,546776.4605,1,0,1
359,1,TRANSFER,2421578.09,0,8515645.77,0,101,427783.1841,546776.4605,1,0,1
360,1,TRANSFER,1349670.68,0,1538085.96,0,105,845232.2322,2975834.548,1,0,1
361,1,TRANSFER,314403.14,0,888232.25,0,99,1796820.855,6777988.817,0,0,1
362,1,TRANSFER,1457213.54,0,10937223.86,0,101,427783.1841,546776.4605,1,0,1
363,1,TRANSFER,180368.84,0,1437353.34,0,39,278445.651,371083.7578,0,0,1
364,1,TRANSFER,445038.71,0,802245.42,0,72,339101.2925,524030.0448,1,0,1
365,1,TRANSFER,1123206.66,0,1773963.18,0,99,378313.4484,457796.0672,1,0,1
366,1,DEBIT,996,46132,88106.55,0,89,323544.6707,466678.4508,0,0,0
367,1,TRANSFER,176334.26,45136,1251626.46,0,113,685211.8877,2616135.304,0,0,1
368,1,TRANSFER,161217.61,0,199733,0,88,350023.4553,534679.2005,0,0,1
369,1,TRANSFER,108443.61,0,246974.3,0,30,275896.372,355348.7531,0,1,1
370,1,TRANSFER,75442.68,0,80469,0,63,440354.3494,1023044.348,0,0,1
371,1,TRANSFER,55536.86,0,915902.37,0,95,318117.8245,525756.1287,0,0,1
372,1,TRANSFER,438437.09,0,740675.45,0,101,402773.8712,520707.7175,1,0,1
373,1,TRANSFER,928722.69,0,1259119.8,0,109,389200.8072,553375.1606,1,0,1
374,1,TRANSFER,1478772.04,0,1652668.12,0,59,454965.0083,1043876.477,1,0,1
375,1,TRANSFER,2545478.01,0,12394437.4,0,101,427783.1841,546776.4605,1,0,1
376,1,TRANSFER,2061082.82,0,14939915.42,0,101,427783.1841,546776.4605,1,0,1
377,1,TRANSFER,983479.66,0,3131440.16,0,59,454965.0083,1043876.477,1,0,1
378,1,TRANSFER,635507.97,0,834457.23,0,57,261841.3346,326517.3999,1,0,1
379,1,TRANSFER,848231.57,0,4114919.82,0,59,454965.0083,1043876.477,1,0,1
380,1,TRANSFER,739112.93,0,1141158.73,0,67,278773.111,329207.996,1,0,1
381,1,TRANSFER,324397.94,0,373058.79,0,82,355907.7293,452988.8023,0,0,1
382,1,TRANSFER,982862.81,0,2187842.49,0,109,389200.8072,553375.1606,1,0,1
383,1,TRANSFER,955855,0,1179112.54,0,101,402773.8712,520707.7175,1,0,1
384,1,TRANSFER,179253.24,0,179614.1,0,80,330883.1305,389827.0497,0,0,1
385,1,PAYMENT,5446.88,666,0,0,1,5446.88,0,0,1,1
386,1,PAYMENT,648.64,873,0,0,1,648.64,0,0,1,0
387,1,PAYMENT,8494.71,11129,0,0,1,8494.71,0,0,1,0
388,1,CASH_OUT,373068.26,20034,1427960.73,0,113,685211.8877,2616135.304,1,0,1
389,1,CASH_IN,143236.26,0,608932.17,0,31,232861.4365,398903.5322,0,0,0
390,1,CASH_IN,228451.89,143236.26,719678.38,0,102,520332.7329,1212525.83,0,0,0
391,1,CASH_IN,35902.49,371688.15,49003.3,0,49,494833.9433,1258353.51,0,1,0
392,1,CASH_IN,232953.64,407590.65,1172672.27,0,80,289359.2965,311438.9863,0,0,0
393,1,CASH_IN,65912.95,640544.28,104198.26,0,38,271245.68,482151.5573,0,0,0
394,1,CASH_IN,193492.68,706457.23,1247284.13,0,72,339101.2925,524030.0448,0,0,0
395,1,CASH_IN,60836.64,899949.91,143436,0,59,280819.3229,422885.7582,0,0,0
396,1,CASH_IN,62325.15,960786.56,1880271.66,0,67,278773.111,329207.996,0,0,0
397,1,CASH_IN,349640.51,1023111.71,360950.61,0,88,350023.4553,534679.2005,0,0,0
398,1,CASH_IN,135324.19,1372752.22,1356747.89,0,84,462567.7718,974781.4103,0,0,0
399,1,CASH_IN,380015.14,1508076.41,1336470.16,0,42,207332.4024,150015.2212,1,0,0
400,1,CASH_IN,418688.27,1888091.55,956455.03,0,42,207332.4024,150015.2212,1,0,0
401,1,CASH_IN,311023.52,2306779.82,1477776.96,0,37,229235.8538,156470.1014,0,1,0
402,1,CASH_IN,151862.38,2617803.34,158858.48,0,47,251383.45,448140.7169,0,1,0
403,1,CASH_IN,228710.05,2769665.72,743792.14,0,76,554932.4876,1676888.938,0,0,0
404,1,CASH_IN,220431.09,2998375.78,2897169.84,0,99,378313.4484,457796.0672,0,0,0
405,1,CASH_IN,182861.45,3218806.87,192776.92,0,25,154452.0688,127737.2487,0,1,0
406,1,CASH_IN,231881.5,3401668.32,894141.72,0,45,201649.5204,211996.9016,0,0,0
407,1,CASH_IN,38071.17,3633549.82,122487,0,44,210175.4143,323404.4351,0,0,0
408,1,CASH_IN,87117.29,3671620.98,501093.89,0,50,227527.0746,258089.2641,0,0,0
409,1,CASH_IN,114271.72,3758738.27,3170705.3,0,109,389200.8072,553375.1606,0,0,0
410,1,CASH_IN,73199.1,3873009.99,401926.25,0,52,252535.0929,394498.6304,0,0,0
411,1,CASH_IN,764772.98,3946209.08,3056433.58,0,109,389200.8072,553375.1606,1,0,0
412,1,CASH_IN,106847.36,4710982.07,335711.51,0,49,197251.6061,131442.6616,0,0,0
413,1,CASH_IN,6287.28,4817829.42,11274,0,35,277978.286,325768.2913,0,1,0
414,1,CASH_IN,24936.34,4824116.71,104408,0,30,127446.499,112310.8068,0,0,0
415,1,CASH_IN,55837.16,4849053.05,66800.82,0,43,416399.1588,615000.9069,0,0,0
416,1,CASH_IN,63255.29,4904890.21,237735.3,0,47,169388.3204,152974.6957,0,1,0
417,1,CASH_IN,104605.78,4968145.5,207302.14,0,43,161491.6788,147162.4485,0,0,0
418,1,CASH_IN,154160.82,5072751.28,157376,0,60,224644.8672,140151.3523,0,1,0
419,1,CASH_IN,257348.03,5226912.1,2291660.6,0,109,389200.8072,553375.1606,0,0,0
420,1,CASH_IN,201073.81,5484260.13,537766.76,0,42,207332.4024,150015.2212,0,0,0
421,1,CASH_IN,53560.68,5685333.94,172857.68,0,45,295164.0198,357554.2703,0,0,0
422,1,CASH_IN,334234.39,5738894.62,358867.35,0,80,330883.1305,389827.0497,0,0,0
423,1,CASH_IN,227335.16,6073129.01,1817946.5,0,67,278773.111,329207.996,0,0,0
424,1,CASH_IN,134426.08,6300464.17,228864.16,0,49,197251.6061,131442.6616,0,0,0
425,1,CASH_IN,2643.45,6434890.26,49974,0,27,211360.3307,387706.0523,0,0,0
426,1,CASH_IN,134977.11,6437533.71,471814.89,0,42,283415.7774,516409.5746,0,0,0
427,1,CASH_IN,25090.03,6572510.82,80148.6,0,35,200601.5726,218205.173,0,1,0
428,1,CASH_IN,147388.67,6597600.85,184486.01,0,50,219113.4826,201124.939,0,0,0
429,1,CASH_IN,217615.09,6744989.53,971439.24,0,95,318117.8245,525756.1287,0,0,0
430,1,CASH_IN,355294.5,6962604.61,1469965.2,0,57,261841.3346,326517.3999,0,0,0
431,1,CASH_IN,12336.48,7317899.11,21024,0,30,158515.7307,115317.4443,0,0,0
432,1,CASH_IN,349505.89,7330235.59,17000998.23,0,101,427783.1841,546776.4605,0,0,0
433,1,CASH_IN,285185.34,7679741.48,451065.09,0,48,152531.3971,144056.086,0,0,0
434,1,CASH_IN,132953.45,7964926.82,1617722.17,0,39,278445.651,371083.7578,0,0,0
435,1,CASH_IN,214851.41,8097880.27,939718.63,0,80,289359.2965,311438.9863,0,0,0
436,1,CASH_IN,54988.56,8312731.68,60870,0,80,475332.3798,1090299.664,0,0,0
437,1,CASH_IN,62871.06,8367720.25,177707.91,0,26,174847.5092,121701.8179,0,0,0
438,1,CASH_IN,61150.85,8430591.3,1166393.13,0,98,358380.5028,489951.942,0,0,0
439,1,CASH_IN,131409.27,8491742.16,290276.03,0,73,313248.4618,545630.5039,0,0,0
440,1,CASH_IN,10844.33,8623151.43,42274,0,55,237925.5891,209201.8763,0,0,0
441,1,PAYMENT,2054.84,22195,0,0,1,2054.84,0,0,1,0
442,1,CASH_IN,313373.56,20140.16,2034312.57,0,109,389200.8072,553375.1606,0,0,0
443,1,CASH_IN,13289.87,333513.72,78256.1,0,53,344946.1421,461468.6261,0,1,0
444,1,CASH_IN,27070.11,346803.59,70595,0,65,170695.1894,156349.1987,0,0,0
445,1,CASH_IN,127954.7,373873.7,1590611.34,0,67,278773.111,329207.996,0,0,0
446,1,CASH_IN,197031.04,501828.4,515082.09,0,76,554932.4876,1676888.938,0,0,0
447,1,CASH_IN,144366.64,698859.44,1720939.01,0,109,389200.8072,553375.1606,0,0,0
448,1,CASH_IN,7965.49,843226.08,35100.09,0,34,178319.2053,205652.7266,0,0,0
449,1,CASH_IN,123103.74,851191.57,541942.24,0,52,299780.48,539895.8769,0,0,0
450,1,CASH_IN,106634.77,974295.31,4963151.39,0,59,454965.0083,1043876.477,0,0,0
451,1,CASH_IN,74933.22,1080930.07,1312918.22,0,97,437143.4887,711931.5137,0,0,0
452,1,CASH_IN,120234.99,1155863.3,194026.33,0,96,277053.1357,436932.8358,0,0,0
453,1,CASH_IN,5763.99,1276098.29,24632.95,0,80,330883.1305,389827.0497,0,0,0
454,1,CASH_IN,156922.36,1281862.28,2887756.64,0,105,845232.2322,2975834.548,0,0,0
455,1,CASH_IN,162665.98,1438784.65,362164.9,0,56,314003.0077,427277.7797,0,1,0
456,1,CASH_IN,110226.34,1601450.63,1601450.63,0,84,370350.3565,452402.3474,0,0,0
457,1,CASH_IN,142577.44,1601450.63,174480.01,0,47,169388.3204,152974.6957,0,1,0
458,1,CASH_IN,6915.38,1744028.07,49685,0,56,378239.2716,633640.254,0,1,0
459,1,CASH_IN,157108.01,1750943.45,1576572.37,0,109,389200.8072,553375.1606,0,0,0
460,1,CASH_IN,223555.14,1908051.46,1462656.64,0,67,278773.111,329207.996,0,0,0
461,1,CASH_IN,146331.12,2131606.6,1053791.45,0,72,339101.2925,524030.0448,0,0,0
462,1,CASH_IN,141131.23,2277937.72,1419464.36,0,109,389200.8072,553375.1606,0,0,0
463,1,CASH_IN,222711.47,2419068.96,16651492.34,0,101,427783.1841,546776.4605,0,0,0
464,1,CASH_IN,84980.31,2641780.43,165879.75,0,48,152531.3971,144056.086,0,0,0
465,1,CASH_IN,628719.07,2726760.74,1484768.73,0,39,278445.651,371083.7578,1,0,0
466,1,CASH_IN,79285.8,3355479.81,4856516.62,0,59,454965.0083,1043876.477,0,0,0
467,1,CASH_IN,57809.81,3434765.61,59666,0,46,435768.2567,869717.9919,0,1,0
468,1,CASH_IN,75043.17,3492575.42,156547,0,45,244880.3298,213513.9152,0,1,0
469,1,CASH_IN,248196.92,3567618.59,318051.05,0,76,554932.4876,1676888.938,0,0,0
470,1,CASH_IN,18851.44,3815815.51,47330.55,0,27,211360.3307,387706.0523,0,0,0
471,1,CASH_IN,403418.39,3834666.95,1801028.99,0,113,685211.8877,2616135.304,1,0,0
472,1,CASH_IN,235564.81,4238085.34,2676738.75,0,99,378313.4484,457796.0672,0,0,0
473,1,CASH_IN,32325.24,4473650.15,158866.76,0,73,313248.4618,545630.5039,0,0,0
474,1,CASH_IN,345347.7,4505975.39,355417.92,0,30,275896.372,355348.7531,0,1,0
475,1,CASH_IN,355500.25,4851323.08,1166753.44,0,37,229235.8538,156470.1014,0,1,0
476,1,CASH_IN,103005.78,5206823.33,114836.85,0,26,174847.5092,121701.8179,0,0,0
477,1,CASH_IN,108803.98,5309829.12,811253.19,0,37,229235.8538,156470.1014,0,1,0
478,1,CASH_IN,259753.27,5418633.09,260112.48,0,45,637951.916,1034248.804,0,1,0
479,1,CASH_IN,234094.24,5678386.36,1278333.12,0,109,389200.8072,553375.1606,0,0,0
480,1,CASH_IN,273305.73,5912480.6,1237985,0,97,437143.4887,711931.5137,0,0,0
481,1,CASH_IN,186838.95,6185786.33,418838.5,0,52,299780.48,539895.8769,0,0,0
482,1,CASH_IN,193161.04,6372625.28,2441173.94,0,99,378313.4484,457796.0672,0,0,0
483,1,CASH_IN,152823.85,6565786.32,1202635.39,0,99,1796820.855,6777988.817,0,0,0
484,1,CASH_IN,91457.82,6718610.17,662260.23,0,45,201649.5204,211996.9016,0,0,0
485,1,CASH_IN,277807.48,6810067.99,907460.33,0,72,339101.2925,524030.0448,0,0,0
486,1,CASH_IN,8679.13,7087875.47,94438.08,0,49,197251.6061,131442.6616,0,0,0
487,1,CASH_IN,2099.59,7096554.61,40471.79,0,34,209815.3594,186535.0952,0,1,0
488,1,CASH_IN,221693.08,7098654.2,629652.85,0,72,339101.2925,524030.0448,0,0,0
489,1,CASH_IN,206097.65,7320347.28,1239101.5,0,67,278773.111,329207.996,0,0,0
490,1,CASH_IN,22384.21,7526444.93,42211,0,69,381887.413,881860.0176,0,0,0
491,1,CASH_IN,73210.99,7548829.13,79582.64,0,43,575107.9344,1347976.496,0,0,0
492,1,CASH_IN,236747.6,7622040.12,390963.21,0,53,254585.4981,247717.1085,0,1,0
493,1,CASH_IN,6284.18,7858787.73,328727.16,0,52,252535.0929,394498.6304,0,0,0
494,1,CASH_IN,100198.77,7865071.9,336837.78,0,42,283415.7774,516409.5746,0,0,0
495,1,CASH_IN,160347.32,7965270.68,724867.22,0,80,289359.2965,311438.9863,0,0,0
496,1,CASH_IN,289272.75,8125617.99,413976.6,0,50,227527.0746,258089.2641,0,0,0
497,1,CASH_IN,63189.26,8414890.75,101925,0,62,323179.0747,408749.5052,0,1,0
498,1,CASH_IN,196725.32,8478080,2248012.9,0,99,378313.4484,457796.0672,0,0,0
499,1,PAYMENT,5882.32,10252,0,0,1,5882.32,0,0,1,0
500,1,DEBIT,625.92,30165,1042,0,46,386000.6604,430131.5924,0,1,0
501,1,PAYMENT,5937.72,21779,0,0,1,5937.72,0,0,1,0
502,1,PAYMENT,9796.29,274658,0,0,1,9796.29,0,0,1,0
503,1,PAYMENT,13449.95,11080,0,0,1,13449.95,0,0,1,1
504,1,PAYMENT,4749.6,8038,0,0,1,4749.6,0,0,1,0
505,1,PAYMENT,6460.86,31009,0,0,1,6460.86,0,0,1,0
506,1,PAYMENT,3605.26,10120,0,0,1,3605.26,0,0,1,0
507,1,PAYMENT,624.61,52594,0,0,1,624.61,0,0,1,0
508,1,PAYMENT,3854.92,9241,0,0,1,3854.92,0,0,1,0
509,1,TRANSFER,420532.33,5386.08,614566.02,0,19,165502.3789,125039.8599,1,1,1
510,1,PAYMENT,4402.86,4469,0,0,1,4402.86,0,0,1,0
511,1,CASH_OUT,147804.02,66.14,158919,0,56,313762.4927,514298.2922,0,0,1
512,1,PAYMENT,151.2,1904,0,0,1,151.2,0,0,1,0
513,1,PAYMENT,58.21,14506,0,0,1,58.21,0,0,1,0
514,1,PAYMENT,5936.82,741,0,0,1,5936.82,0,0,1,1
515,1,CASH_OUT,145944.67,24376,222,0,36,150206.1242,134988.7827,0,0,1
516,1,TRANSFER,7206.33,24932,21308,0,36,145104.9714,110846.494,0,0,0
517,1,DEBIT,5581.55,530,55058.57,0,35,200601.5726,218205.173,0,1,1
518,1,DEBIT,5853.21,5039,20018,0,79,294130.5906,421643.8833,0,0,1
519,1,PAYMENT,2528.1,5037,0,0,1,2528.1,0,0,1,0
520,1,PAYMENT,5655.17,9522,0,0,1,5655.17,0,0,1,0
521,1,PAYMENT,1456.09,101018,0,0,1,1456.09,0,0,1,0
522,1,PAYMENT,4252.82,5545,0,0,1,4252.82,0,0,1,0
523,1,TRANSFER,276460.62,595,1105242.28,0,98,358380.5028,489951.942,0,0,1
524,1,PAYMENT,8811.67,30848,0,0,1,8811.67,0,0,1,0
525,1,PAYMENT,12666.68,891,0,0,1,12666.68,0,0,1,1
526,1,CASH_OUT,95636.49,0,359141.7,0,38,162082.3605,190316.0496,0,0,1
527,1,CASH_OUT,195314.34,0,491226.48,0,102,520332.7329,1212525.83,0,0,1
528,1,PAYMENT,6049.09,1,0,0,1,6049.09,0,0,1,1
529,1,PAYMENT,14306.8,0,0,0,1,14306.8,0,0,1,1
530,1,PAYMENT,1117.34,35611,0,0,1,1117.34,0,0,1,0
531,1,DEBIT,3179.7,124703.85,20767,0,58,270291.1348,387544.4956,0,1,0
532,1,PAYMENT,2880.68,121524.14,0,0,1,2880.68,0,0,1,0
533,1,PAYMENT,3060.54,118643.46,0,0,1,3060.54,0,0,1,0
534,1,PAYMENT,879.42,115582.92,0,0,1,879.42,0,0,1,0
535,1,PAYMENT,3486.78,114703.5,0,0,1,3486.78,0,0,1,0
536,1,PAYMENT,21530.96,111216.72,0,0,1,21530.96,0,0,1,0
537,1,PAYMENT,2426.31,89685.77,0,0,1,2426.31,0,0,1,0
538,1,PAYMENT,5110.1,87259.46,0,0,1,5110.1,0,0,1,0
539,1,PAYMENT,207.75,82149.35,0,0,1,207.75,0,0,1,0
540,1,PAYMENT,18437.04,81941.6,0,0,1,18437.04,0,0,1,0
541,1,PAYMENT,8690.69,63504.55,0,0,1,8690.69,0,0,1,0
542,1,PAYMENT,4946.03,54813.86,0,0,1,4946.03,0,0,1,0
543,1,PAYMENT,5432.09,49867.83,0,0,1,5432.09,0,0,1,0
544,1,PAYMENT,7649.41,44435.75,0,0,1,7649.41,0,0,1,0
545,1,PAYMENT,3943.17,36786.34,0,0,1,3943.17,0,0,1,0
546,1,PAYMENT,3101.33,32843.16,0,0,1,3101.33,0,0,1,0
547,1,TRANSFER,51719.13,882,59670,0,60,251997.6715,252956.244,0,0,1
548,1,PAYMENT,13465.91,0,0,0,1,13465.91,0,0,1,1
549,1,PAYMENT,19561.05,0,0,0,1,19561.05,0,0,1,1
550,1,PAYMENT,9762.28,129,0,0,1,9762.28,0,0,1,1
551,1,PAYMENT,9778.81,18824,0,0,1,9778.81,0,0,1,0
552,1,CASH_OUT,562903.81,9045.19,564519.9,0,80,289359.2965,311438.9863,1,0,1
553,1,PAYMENT,5055.94,30295,0,0,1,5055.94,0,0,1,0
554,1,PAYMENT,2858.89,21820,0,0,1,2858.89,0,0,1,0
555,1,PAYMENT,8531.42,18961.11,0,0,1,8531.42,0,0,1,0
556,1,PAYMENT,84.22,25828,0,0,1,84.22,0,0,1,0
557,1,CASH_OUT,227478.01,25743.78,16428780.87,0,101,427783.1841,546776.4605,0,0,1
558,1,PAYMENT,5033.02,23946.7,0,0,1,5033.02,0,0,1,0
559,1,TRANSFER,100588.8,18913.68,105223,0,52,352344.7463,496619.7281,0,1,1
560,1,PAYMENT,9374.72,21064,0,0,1,9374.72,0,0,1,0
561,1,PAYMENT,598.24,102631,0,0,1,598.24,0,0,1,0
562,1,PAYMENT,4531.55,20125,0,0,1,4531.55,0,0,1,0
563,1,PAYMENT,2998.2,15593.45,0,0,1,2998.2,0,0,1,0
564,1,PAYMENT,9269.99,12595.25,0,0,1,9269.99,0,0,1,0
565,1,PAYMENT,1209.64,3325.26,0,0,1,1209.64,0,0,1,0
566,1,PAYMENT,1298.7,2115.61,0,0,1,1298.7,0,0,1,0
567,1,PAYMENT,7797,816.91,0,0,1,7797,0,0,1,1
568,1,PAYMENT,5831.03,0,0,0,1,5831.03,0,0,1,1
569,1,PAYMENT,7067.9,0,0,0,1,7067.9,0,0,1,1
570,1,PAYMENT,14895.51,0,0,0,1,14895.51,0,0,1,1
571,1,PAYMENT,3316.21,0,0,0,1,3316.21,0,0,1,1
572,1,PAYMENT,22276,0,0,0,1,22276,0,0,1,1
573,1,PAYMENT,16505.51,0,0,0,1,16505.51,0,0,1,1
574,1,PAYMENT,636.95,0,0,0,1,636.95,0,0,1,1
575,1,PAYMENT,2056.59,0,0,0,1,2056.59,0,0,1,1
576,1,PAYMENT,704.74,0,0,0,1,704.74,0,0,1,1
577,1,PAYMENT,3222.32,0,0,0,1,3222.32,0,0,1,1
578,1,PAYMENT,11889.61,0,0,0,1,11889.61,0,0,1,1
579,1,PAYMENT,9491.89,0,0,0,1,9491.89,0,0,1,1
580,1,PAYMENT,6131.21,0,0,0,1,6131.21,0,0,1,1
581,1,PAYMENT,11938.61,0,0,0,1,11938.61,0,0,1,1
582,1,PAYMENT,4233.45,0,0,0,1,4233.45,0,0,1,1
583,1,PAYMENT,32643.79,0,0,0,1,32643.79,0,0,1,1
584,1,PAYMENT,622.15,14112.8,0,0,1,622.15,0,0,1,0
585,1,PAYMENT,4573.12,13490.65,0,0,1,4573.12,0,0,1,0
586,1,PAYMENT,6057.8,6996.1,0,0,1,6057.8,0,0,1,0
587,1,PAYMENT,5770.32,938.3,0,0,1,5770.32,0,0,1,1
588,1,PAYMENT,9152.97,0,0,0,1,9152.97,0,0,1,1
589,1,DEBIT,12154.7,39699,2051287.58,0,99,378313.4484,457796.0672,0,0,0
590,1,PAYMENT,8378.01,80899.44,0,0,1,8378.01,0,0,1,0
591,1,PAYMENT,9616.45,72521.43,0,0,1,9616.45,0,0,1,0
592,1,PAYMENT,2231.28,12998,0,0,1,2231.28,0,0,1,0
593,1,PAYMENT,4932.54,136555,0,0,1,4932.54,0,0,1,0
594,1,CASH_IN,65413.89,131622.46,144605,0,39,275852.7908,305224.3741,0,1,0
595,1,CASH_IN,98560.08,197036.35,167719.89,0,44,211191.6757,257255.3878,0,0,0
596,1,CASH_IN,15054.61,295596.43,33340,0,48,139508.4071,151241.4077,0,0,0
597,1,CASH_IN,161632.16,310651.04,1044238.89,0,109,389200.8072,553375.1606,0,0,0
598,1,CASH_IN,47529.19,472283.2,856049.65,0,39,278445.651,371083.7578,0,0,0
599,1,CASH_IN,9577.45,519812.39,32204,0,45,346466.7204,724325.6616,0,0,0
600,1,CASH_IN,414238.59,529389.85,808520.46,0,39,278445.651,371083.7578,1,0,0
601,1,CASH_IN,89327.65,943628.44,2063442.28,0,99,378313.4484,457796.0672,0,0,0
602,1,CASH_IN,194900.16,1032956.09,8633995.76,0,85,428676.6807,517084.615,0,0,0
603,1,CASH_IN,24470.43,1227856.25,1381702.9,0,98,358380.5028,489951.942,0,0,0
604,1,CASH_IN,217668.38,1252326.68,347373.26,0,60,334454.2048,450639.0382,0,0,0
605,1,CASH_IN,9067.51,1469995.06,306723.02,0,56,313762.4927,514298.2922,0,0,0
606,1,CASH_IN,336827.91,1479062.57,401493.73,0,41,233110.4717,252905.6661,0,0,0
607,1,CASH_IN,45317.95,1815890.48,99578.86,0,60,575221.8208,1612411.044,0,1,0
608,1,CASH_IN,230021.01,1861208.43,4777230.82,0,59,454965.0083,1043876.477,0,0,0
609,1,CASH_IN,154578.28,2091229.45,1033003.86,0,67,278773.111,329207.996,0,0,0
610,1,CASH_IN,314134.01,2245807.73,570802.41,0,45,201649.5204,211996.9016,0,0,0
611,1,CASH_IN,206405.92,2559941.74,1221423.7,0,84,462567.7718,974781.4103,0,0,0
612,1,CASH_IN,158995.29,2766347.65,8674805.32,0,84,370350.3565,452402.3474,0,0,0
613,1,CASH_IN,188238.54,2925342.94,702449.21,0,37,229235.8538,156470.1014,0,1,0
614,1,CASH_IN,21255.8,3113581.47,52109,0,26,174498.7058,149397.5185,0,1,0
615,1,CASH_IN,205955.77,3134837.27,465695.91,0,31,232861.4365,398903.5322,0,0,0
616,1,CASH_IN,178370.36,3340793.04,16656258.88,0,101,427783.1841,546776.4605,0,0,0
617,1,CASH_IN,42547.96,3519163.4,59693,0,42,263981.3376,238235.7324,0,0,0
618,1,CASH_IN,15152.15,3561711.36,8439095.6,0,85,428676.6807,517084.615,0,0,0
619,1,CASH_IN,39249.67,3576863.51,64966.23,0,53,344946.1421,461468.6261,0,1,0
620,1,CASH_IN,101669.17,3616113.18,533625.81,0,90,514130.9389,1579226.204,0,0,0
621,1,CASH_IN,81694.11,3717782.35,686540.82,0,102,520332.7329,1212525.83,0,0,0
622,1,CASH_IN,10266.7,3799476.47,104323,0,36,275653.6283,436918.3753,0,0,0
623,1,CASH_IN,35502.25,3809743.17,41159,0,57,403967.6779,786333.8444,0,1,0
624,1,CASH_IN,183250,3845245.42,231999.55,0,52,299780.48,539895.8769,0,0,0
625,1,CASH_IN,219220.21,4028495.42,1974114.63,0,99,378313.4484,457796.0672,0,0,0
626,1,CASH_IN,254895.5,4247715.63,256668.41,0,45,201649.5204,211996.9016,0,0,0
627,1,CASH_IN,143148.97,4502611.13,4547209.8,0,59,454965.0083,1043876.477,0,0,0
628,1,CASH_IN,132457.52,4645760.1,8423943.45,0,85,428676.6807,517084.615,0,0,0
629,1,CASH_IN,148834.28,4778217.62,514210.68,0,37,229235.8538,156470.1014,0,1,0
630,1,CASH_IN,106727.81,4927051.9,2730834.27,0,105,845232.2322,2975834.548,0,0,0
631,1,CASH_IN,223123.71,5033779.71,394281.87,0,39,278445.651,371083.7578,0,0,0
632,1,CASH_IN,194311.34,5256903.42,1127423.71,0,80,289359.2965,311438.9863,0,0,0
633,1,CASH_IN,338964.91,5451214.77,365376.39,0,37,229235.8538,156470.1014,0,1,0
634,1,CASH_IN,247575.4,5790179.68,8291485.93,0,85,428676.6807,517084.615,0,0,0
635,1,CASH_IN,29467.02,6037755.07,322442.98,0,52,252535.0929,394498.6304,0,0,0
636,1,CASH_IN,90340.16,6067222.09,16477888.52,0,101,427783.1841,546776.4605,0,0,0
637,1,CASH_IN,198847.32,6157562.25,964679.26,0,97,437143.4887,711931.5137,0,0,0
638,1,CASH_IN,155075.41,6356409.58,1035098.36,0,19,165502.3789,125039.8599,0,1,0
639,1,CASH_IN,76932.89,6511484.99,765831.94,0,97,437143.4887,711931.5137,0,0,0
640,1,CASH_IN,92971.79,6588417.88,111367.94,0,38,207463.3495,195636.4487,0,1,0
641,1,CASH_IN,7322.98,6681389.66,64966,0,62,645850.1906,1821833.105,0,0,0
642,1,CASH_IN,222126.95,6688712.64,1397610.6,0,113,685211.8877,2616135.304,0,0,0
643,1,CASH_IN,62983.91,6910839.59,454778.18,0,38,162082.3605,190316.0496,0,0,0
644,1,CASH_IN,1271.77,6973823.5,697456.73,0,82,355907.7293,452988.8023,0,0,0
645,1,CASH_IN,246816.65,6975095.27,933112.37,0,80,289359.2965,311438.9863,0,0,0
646,1,CASH_IN,21898.97,7221911.92,1114670.7,0,57,261841.3346,326517.3999,0,0,0
647,1,CASH_IN,30811.56,7243810.89,152178,0,54,183288.3381,144847.0765,0,0,0
648,1,CASH_IN,100275.09,7274622.45,878425.58,0,67,278773.111,329207.996,0,0,0
649,1,CASH_IN,46630.53,7374897.54,604846.71,0,102,520332.7329,1212525.83,0,0,0
650,1,CASH_IN,158775.58,7421528.07,688899.05,0,97,437143.4887,711931.5137,0,0,0
651,1,CASH_IN,90556.08,7580303.64,186372.86,0,46,344824.7383,745397.7169,0,0,0
652,1,CASH_IN,173948.89,7670859.72,391794.27,0,38,162082.3605,190316.0496,0,0,0
653,1,CASH_IN,66216.71,7844808.61,117785.88,0,96,1351749.454,5031628.751,0,0,0
654,1,CASH_IN,216133.99,7911025.32,1092771.73,0,57,261841.3346,326517.3999,0,0,0
655,1,CASH_IN,371883.82,8127159.31,880022.94,0,19,165502.3789,125039.8599,1,1,0
656,1,CASH_IN,770537.37,8499043.13,8499043.13,0,80,2000974.07,6570756.873,1,0,0
657,1,CASH_IN,71275.47,8499043.13,136084.66,0,70,264042.5566,285716.9169,0,0,0
658,1,CASH_IN,336298.77,8570318.6,1049811.54,0,99,1796820.855,6777988.817,0,0,0
659,1,CASH_IN,317393.38,8906617.38,1175483.65,0,113,685211.8877,2616135.304,0,0,0
660,1,CASH_IN,181002.01,9224010.75,292975.96,0,52,252535.0929,394498.6304,0,0,0
661,1,CASH_IN,311449.38,9405012.76,713512.77,0,99,1796820.855,6777988.817,0,0,0
662,1,CASH_IN,270824.42,9716462.14,8515810.04,0,84,370350.3565,452402.3474,0,0,0
663,1,PAYMENT,1449.03,80983,0,0,1,1449.03,0,0,1,0
664,1,PAYMENT,3551.48,1015017.79,0,0,1,3551.48,0,0,1,0
665,1,CASH_OUT,227768.63,1011466.31,530123.48,0,97,437143.4887,711931.5137,0,0,0
666,1,CASH_OUT,172986.7,783697.68,686295.71,0,80,289359.2965,311438.9863,0,0,0
667,1,PAYMENT,4940.2,48005,0,0,1,4940.2,0,0,1,0
668,1,PAYMENT,2755.96,20987,0,0,1,2755.96,0,0,1,0
669,1,DEBIT,8807.01,139428,64809.18,0,70,264042.5566,285716.9169,0,0,0
670,1,DEBIT,3111.86,64665.82,10070.22,0,30,275896.372,355348.7531,0,1,0
671,1,PAYMENT,10040.52,61553.96,0,0,1,10040.52,0,0,1,0
672,1,DEBIT,5363,21260,24765.26,0,54,269494.7024,287133.8064,0,0,0
673,1,PAYMENT,11990.19,885,0,0,1,11990.19,0,0,1,1
674,1,PAYMENT,266.88,4182,0,0,1,266.88,0,0,1,0
675,1,PAYMENT,1928.55,5096,0,0,1,1928.55,0,0,1,0
676,1,PAYMENT,10648.06,37419,0,0,1,10648.06,0,0,1,0
677,1,PAYMENT,962.43,26770.94,0,0,1,962.43,0,0,1,0
678,1,PAYMENT,8348.1,16583,0,0,1,8348.1,0,0,1,0
679,1,PAYMENT,6969.67,61091,0,0,1,6969.67,0,0,1,0
680,1,TRANSFER,20128,20128,0,1,34,175069.2665,226489.4017,0,1,1
681,1,CASH_OUT,20128,20128,6268,1,26,137922.4485,144793.0889,0,0,1
682,1,PAYMENT,154.87,9339,0,0,1,154.87,0,0,1,0
683,1,DEBIT,4040.84,1938,51339,0,28,169799.9021,119762.451,0,0,1
684,1,PAYMENT,6490.17,548504,0,0,1,6490.17,0,0,1,0
685,1,PAYMENT,1101.09,30858,0,0,1,1101.09,0,0,1,0
686,1,DEBIT,4347.78,20766,407959.76,0,72,339101.2925,524030.0448,0,0,0
687,1,CASH_OUT,213922.13,16418.22,431956.63,0,90,514130.9389,1579226.204,0,0,1
688,1,CASH_OUT,83859.59,0,16387548.36,0,101,427783.1841,546776.4605,0,0,1
689,1,CASH_OUT,33269.25,0,111389.13,0,60,251997.6715,252956.244,0,0,1
690,1,CASH_OUT,51749.94,0,62470,0,42,173136.5588,216835.6731,0,0,1
691,1,CASH_OUT,86410.3,0,757892.11,0,97,437143.4887,711931.5137,0,0,1
692,1,CASH_OUT,10856.63,0,217845.38,0,38,162082.3605,190316.0496,0,0,1
693,1,CASH_OUT,161613.93,0,402063.39,0,99,1796820.855,6777988.817,0,0,1
694,1,CASH_OUT,244361.81,0,859282.41,0,80,289359.2965,311438.9863,0,0,1
695,1,CASH_OUT,596617.87,0,645878.76,0,90,514130.9389,1579226.204,1,0,1
696,1,CASH_OUT,108600.78,0,146488.24,0,40,190457.298,217222.9549,0,0,1
697,1,CASH_OUT,377520.94,0,563677.32,0,99,1796820.855,6777988.817,1,0,1
698,1,CASH_OUT,60758.42,0,155911.68,0,63,440354.3494,1023044.348,0,0,1
699,1,CASH_OUT,86204.31,0,941198.26,0,99,1796820.855,6777988.817,0,0,1
700,1,CASH_OUT,1234,0,29906,0,57,268194.1405,408394.8235,0,0,1
701,1,CASH_OUT,18288.91,0,858090.28,0,113,685211.8877,2616135.304,0,0,1
702,1,CASH_OUT,248979.22,0,1103644.22,0,80,289359.2965,311438.9863,0,0,1
703,1,CASH_OUT,126774.5,0,1242496.63,0,90,514130.9389,1579226.204,0,0,1
704,1,CASH_OUT,38428.19,0,43524.89,0,65,170695.1894,156349.1987,0,0,1
705,1,CASH_OUT,109732.52,0,8244985.62,0,84,370350.3565,452402.3474,0,0,1
706,1,CASH_OUT,17851.54,0,32353,0,47,288588.7666,290745.9158,0,1,1
707,1,CASH_OUT,5223.97,0,10429.69,0,21,154463.4295,176137.5871,0,0,1
708,1,CASH_OUT,63807.17,0,558216.18,0,102,520332.7329,1212525.83,0,0,1
709,1,CASH_OUT,406297.68,0,882606.73,0,109,389200.8072,553375.1606,1,0,1
710,1,PAYMENT,4779.93,121,0,0,1,4779.93,0,0,1,1
711,1,TRANSFER,16631.14,0,89102.55,0,89,323544.6707,466678.4508,0,0,1
712,1,PAYMENT,2771.16,60721,0,0,1,2771.16,0,0,1,0
713,1,PAYMENT,3154.06,24239,0,0,1,3154.06,0,0,1,0
714,1,PAYMENT,7813.63,21084.94,0,0,1,7813.63,0,0,1,0
715,1,PAYMENT,360.13,38939,0,0,1,360.13,0,0,1,0
716,1,CASH_OUT,431381.17,40481,55566,0,91,319005.4137,387091.1189,1,0,1
717,1,TRANSFER,43670.84,0,79331.08,0,69,301312.4107,550013.3933,0,0,1
718,1,PAYMENT,7342.63,19443,0,0,1,7342.63,0,0,1,0
719,1,PAYMENT,7417.09,843,0,0,1,7417.09,0,0,1,1
720,1,PAYMENT,8865.26,84415.83,0,0,1,8865.26,0,0,1,0
721,1,CASH_OUT,213490.87,75550.57,508139.13,0,19,165502.3789,125039.8599,0,1,1
722,1,PAYMENT,7444.4,31902.57,0,0,1,7444.4,0,0,1,0
723,1,CASH_OUT,287265.38,24458.17,486947.17,0,91,319005.4137,387091.1189,0,0,1
724,1,CASH_OUT,416001.33,0,102,1,86,987946.9459,4275644.049,1,0,1
725,1,PAYMENT,6432.26,0,0,0,1,6432.26,0,0,1,1
726,1,PAYMENT,8690.86,29772,0,0,1,8690.86,0,0,1,0
727,1,PAYMENT,3791.28,32463,0,0,1,3791.28,0,0,1,0
728,1,PAYMENT,4111.34,128052,0,0,1,4111.34,0,0,1,0
729,1,PAYMENT,7163.9,114219.94,0,0,1,7163.9,0,0,1,0
730,1,PAYMENT,6557.51,107056.04,0,0,1,6557.51,0,0,1,0
731,1,PAYMENT,17348.25,100498.52,0,0,1,17348.25,0,0,1,0
732,1,PAYMENT,1586.28,83150.27,0,0,1,1586.28,0,0,1,0
733,1,PAYMENT,6811.97,81564,0,0,1,6811.97,0,0,1,0
734,1,PAYMENT,36651.07,74752.02,0,0,1,36651.07,0,0,1,0
735,1,PAYMENT,4804.68,38100.95,0,0,1,4804.68,0,0,1,0
736,1,PAYMENT,19375.5,33296.27,0,0,1,19375.5,0,0,1,0
737,1,PAYMENT,13833.75,13920.76,0,0,1,13833.75,0,0,1,0
738,1,PAYMENT,21008.52,87.01,0,0,1,21008.52,0,0,1,1
739,1,PAYMENT,22043.92,0,0,0,1,22043.92,0,0,1,1
740,1,PAYMENT,32635.14,0,0,0,1,32635.14,0,0,1,1
741,1,PAYMENT,11438.39,0,0,0,1,11438.39,0,0,1,1
742,1,PAYMENT,13527.16,0,0,0,1,13527.16,0,0,1,1
743,1,PAYMENT,11881.78,0,0,0,1,11881.78,0,0,1,1
744,1,PAYMENT,9805.46,0,0,0,1,9805.46,0,0,1,1
745,1,PAYMENT,9470.85,0,0,0,1,9470.85,0,0,1,1
746,1,PAYMENT,20560.86,0,0,0,1,20560.86,0,0,1,1
747,1,PAYMENT,13679.84,0,0,0,1,13679.84,0,0,1,1
748,1,PAYMENT,15448,0,0,0,1,15448,0,0,1,1
749,1,PAYMENT,1987.4,0,0,0,1,1987.4,0,0,1,1
750,1,PAYMENT,4145.04,97168,0,0,1,4145.04,0,0,1,0
751,1,PAYMENT,3511.45,11310,0,0,1,3511.45,0,0,1,0
752,1,PAYMENT,1118.1,9041,0,0,1,1118.1,0,0,1,0
753,1,PAYMENT,15.06,204682,0,0,1,15.06,0,0,1,0
754,1,CASH_IN,352568.35,9945,2624106.46,0,105,845232.2322,2975834.548,0,0,0
755,1,PAYMENT,3043.27,36369,0,0,1,3043.27,0,0,1,0
756,1,PAYMENT,9758.09,21217,0,0,1,9758.09,0,0,1,0
757,1,PAYMENT,5924.89,1518,0,0,1,5924.89,0,0,1,1
758,1,PAYMENT,9550.43,4021,0,0,1,9550.43,0,0,1,1
759,1,PAYMENT,4355.66,120,0,0,1,4355.66,0,0,1,1
760,1,DEBIT,6973.12,50015,81953.08,0,65,170695.1894,156349.1987,0,0,0
761,1,PAYMENT,2358.63,70824,0,0,1,2358.63,0,0,1,0
762,1,DEBIT,374.36,15237,62904.98,0,48,152531.3971,144056.086,0,0,0
763,1,PAYMENT,8946.63,95066,0,0,1,8946.63,0,0,1,0
764,1,PAYMENT,20573.4,24641,0,0,1,20573.4,0,0,1,0
765,1,PAYMENT,8358.12,293,0,0,1,8358.12,0,0,1,1
766,1,PAYMENT,1006.76,696008,0,0,1,1006.76,0,0,1,0
767,1,PAYMENT,10498.05,16730,0,0,1,10498.05,0,0,1,0
768,1,TRANSFER,463722.76,349,18285.39,0,48,139508.4071,151241.4077,1,0,1
769,1,TRANSFER,138857.19,109473,1027402.57,0,99,1796820.855,6777988.817,0,0,1
770,1,PAYMENT,5184.9,283509,0,0,1,5184.9,0,0,1,0
771,1,PAYMENT,3626.96,23506,0,0,1,3626.96,0,0,1,0
772,1,PAYMENT,282.42,30603,0,0,1,282.42,0,0,1,0
773,1,DEBIT,8703.54,137782,63279.34,0,48,152531.3971,144056.086,0,0,0
774,1,PAYMENT,3673.1,30507,0,0,1,3673.1,0,0,1,0
775,1,PAYMENT,9800.58,12617.16,0,0,1,9800.58,0,0,1,0
776,1,CASH_OUT,88987.11,2816.58,696184.96,0,82,355907.7293,452988.8023,0,0,1
777,1,PAYMENT,4227.19,36054,0,0,1,4227.19,0,0,1,0
778,1,PAYMENT,2881.51,90250,0,0,1,2881.51,0,0,1,0
779,1,PAYMENT,4376.46,9809,0,0,1,4376.46,0,0,1,0
780,1,PAYMENT,11656.12,10181,0,0,1,11656.12,0,0,1,1
781,1,TRANSFER,345698.98,40419,20489.94,0,59,233680.0093,237196.9777,0,0,1
782,1,PAYMENT,3292.21,20484,0,0,1,3292.21,0,0,1,0
783,1,PAYMENT,7367.06,14528,0,0,1,7367.06,0,0,1,0
784,1,PAYMENT,2937.34,19703,0,0,1,2937.34,0,0,1,0
785,1,DEBIT,1150.14,21634,15653.66,0,21,154463.4295,176137.5871,0,0,0
786,1,PAYMENT,3563.36,185397,0,0,1,3563.36,0,0,1,0
787,1,PAYMENT,2380.46,101428,0,0,1,2380.46,0,0,1,0
788,1,PAYMENT,2266.02,64757.92,0,0,1,2266.02,0,0,1,0
789,1,TRANSFER,32132.45,62491.91,59605,0,39,386982.8336,421385.6746,0,1,0
790,1,TRANSFER,51627.39,30359.46,81243,0,41,131423.3322,90964.73314,0,0,1
791,1,TRANSFER,62073.54,0,228702.01,0,38,162082.3605,190316.0496,0,0,1
792,1,TRANSFER,13614.91,0,30195,0,47,234674.3509,258685.8129,0,1,1
793,1,TRANSFER,2290.73,0,79471.66,0,30,127446.499,112310.8068,0,0,1
794,1,TRANSFER,637161,0,1166259.76,0,99,1796820.855,6777988.817,1,0,1
795,1,TRANSFER,639378.37,0,753824.15,0,95,318117.8245,525756.1287,1,0,1
796,1,TRANSFER,34390.85,0,90214.97,0,31,208629.8187,354116.3808,0,0,1
797,1,TRANSFER,1867849.02,0,2271538.11,0,105,845232.2322,2975834.548,1,0,1
798,1,TRANSFER,1193410.46,0,16471407.95,0,101,427783.1841,546776.4605,1,0,1
799,1,TRANSFER,348186.2,0,774212.55,0,91,319005.4137,387091.1189,0,0,1
800,1,TRANSFER,1440296.14,0,17664818.4,0,101,427783.1841,546776.4605,1,0,1
801,1,TRANSFER,799483.57,0,1122398.75,0,91,319005.4137,387091.1189,1,0,1
802,1,TRANSFER,969631.31,0,2134967.54,0,101,402773.8712,520707.7175,1,0,1
803,1,TRANSFER,483544.3,0,876379.19,0,113,685211.8877,2616135.304,1,0,1
804,1,TRANSFER,326349.91,0,778150.49,0,67,278773.111,329207.996,0,0,1
805,1,DEBIT,7546.88,51368,11353,0,56,257314.1829,289324.8601,0,0,0
806,1,PAYMENT,2469.75,43821.12,0,0,1,2469.75,0,0,1,0
807,1,DEBIT,1741.24,80942,366188.92,0,59,233680.0093,237196.9777,0,0,0
808,1,PAYMENT,553.25,7522,0,0,1,553.25,0,0,1,0
809,1,PAYMENT,6606.31,6968.75,0,0,1,6606.31,0,0,1,0
810,1,PAYMENT,2075.94,110403,0,0,1,2075.94,0,0,1,0
811,1,TRANSFER,84212.94,53199,0,0,30,131676.355,125775.5601,0,0,1
812,1,CASH_OUT,312108.51,0,8043910.53,0,85,428676.6807,517084.615,0,0,1
813,1,PAYMENT,1647.93,70889,0,0,1,1647.93,0,0,1,0
814,1,PAYMENT,3533.32,38211,0,0,1,3533.32,0,0,1,0
815,1,PAYMENT,7659.86,544,0,0,1,7659.86,0,0,1,1
816,1,PAYMENT,7203.07,290775.55,0,0,1,7203.07,0,0,1,0
817,1,CASH_OUT,116206.75,283572.48,216670.1,0,63,440354.3494,1023044.348,0,0,0
818,1,CASH_OUT,30331.38,167365.73,105733.69,0,89,323544.6707,466678.4508,0,0,0
819,1,PAYMENT,2063.77,16064,0,0,1,2063.77,0,0,1,0
820,1,PAYMENT,3035.35,26657,0,0,1,3035.35,0,0,1,0
821,1,CASH_OUT,123797.1,23621.65,153674.01,0,66,168031.4776,126349.3424,0,0,1
822,1,DEBIT,8233.25,7024,14673,0,30,178328.72,160999.4323,0,0,1
823,1,PAYMENT,2271.34,31346,0,0,1,2271.34,0,0,1,0
824,1,PAYMENT,3801.74,73616.2,0,0,1,3801.74,0,0,1,0
825,1,PAYMENT,1530.83,69814.46,0,0,1,1530.83,0,0,1,0
826,1,PAYMENT,4833.96,41005,0,0,1,4833.96,0,0,1,0
827,1,PAYMENT,5842.61,40,0,0,1,5842.61,0,0,1,1
828,1,PAYMENT,2871.89,653,0,0,1,2871.89,0,0,1,1
829,1,DEBIT,5297.36,82134,31443.78,0,40,180116.824,210664.2605,0,0,0
830,1,TRANSFER,621561.65,123122,0,0,90,342364.4967,407681.7023,1,0,1
831,1,PAYMENT,829.07,11199,0,0,1,829.07,0,0,1,0
832,1,PAYMENT,3418.07,260,0,0,1,3418.07,0,0,1,1
833,1,CASH_OUT,41924.75,0,132870.39,0,41,131423.3322,90964.73314,0,0,1
834,1,CASH_OUT,173597.57,0,3104598.86,0,101,402773.8712,520707.7175,0,0,1
835,1,CASH_OUT,77642.84,0,416103.33,0,86,987946.9459,4275644.049,0,0,1
836,1,CASH_OUT,144964.23,0,785172.07,0,82,355907.7293,452988.8023,0,0,1
837,1,CASH_OUT,94038.9,0,136065.07,0,89,323544.6707,466678.4508,0,0,1
838,1,CASH_OUT,26051.33,0,28479.11,0,27,211360.3307,387706.0523,0,0,1
839,1,CASH_OUT,134143.27,0,1754894.42,0,99,378313.4484,457796.0672,0,0,1
840,1,CASH_OUT,497424.19,0,930136.3,0,82,355907.7293,452988.8023,1,0,1
841,1,CASH_OUT,607616.73,0,1359923.49,0,113,685211.8877,2616135.304,1,0,1
842,1,CASH_OUT,681093.57,0,844302.4,0,97,437143.4887,711931.5137,1,0,1
843,1,CASH_OUT,114057.61,0,1427560.49,0,82,355907.7293,452988.8023,0,0,1
844,1,CASH_OUT,205279.62,0,1541618.1,0,82,355907.7293,452988.8023,0,0,1
845,1,CASH_OUT,173512.93,0,8354718.14,0,84,370350.3565,452402.3474,0,0,1
846,1,CASH_OUT,166817.98,0,721630,0,19,165502.3789,125039.8599,0,1,1
847,1,CASH_OUT,113283.13,0,123001.91,0,69,301312.4107,550013.3933,0,0,1
848,1,CASH_OUT,179030.05,0,1357232.47,0,98,358380.5028,489951.942,0,0,1
849,1,CASH_OUT,94332,0,621561.65,0,90,342364.4967,407681.7023,0,0,1
850,1,CASH_OUT,141111.15,0,622023.34,0,102,520332.7329,1212525.83,0,0,1
851,1,CASH_OUT,45756.23,0,1393202.52,0,95,318117.8245,525756.1287,0,0,1
852,1,CASH_OUT,6039.61,0,31164,0,47,406223.3313,1077221.533,0,0,1
853,1,CASH_OUT,46261.02,0,85758.95,0,49,197251.6061,131442.6616,0,0,1
854,1,CASH_OUT,312471.16,0,1803420.75,0,99,1796820.855,6777988.817,0,0,1
855,1,CASH_OUT,195490.04,0,1104500.4,0,67,278773.111,329207.996,0,0,1
856,1,CASH_OUT,107308.84,0,124605.82,0,31,208629.8187,354116.3808,0,0,1
857,1,CASH_OUT,48252.82,0,1889037.69,0,99,378313.4484,457796.0672,0,0,1
858,1,CASH_OUT,25674.03,0,30563,0,50,332082.994,416207.2348,0,0,1
859,1,CASH_OUT,63830.49,0,412307.54,0,72,339101.2925,524030.0448,0,0,1
860,1,CASH_OUT,96178.8,0,111973.96,0,52,252535.0929,394498.6304,0,0,1
861,1,CASH_OUT,155122.86,0,367930.17,0,59,233680.0093,237196.9777,0,0,1
862,1,CASH_OUT,171757.76,0,205811.8,0,52,352344.7463,496619.7281,0,1,1
863,1,CASH_OUT,8809.04,0,137034.36,0,38,162082.3605,190316.0496,0,0,1
864,1,CASH_OUT,27320.2,0,79191.11,0,39,275852.7908,305224.3741,0,1,1
865,1,CASH_OUT,517915.91,0,4404060.84,0,59,454965.0083,1043876.477,1,0,1
866,1,CASH_OUT,34629.16,0,38735.74,0,62,323179.0747,408749.5052,0,1,1
867,1,CASH_OUT,94296.25,0,336692.95,0,42,207332.4024,150015.2212,0,0,1
868,1,CASH_OUT,285360.06,0,715893.66,0,90,342364.4967,407681.7023,0,0,1
869,1,CASH_OUT,161445.91,0,277471.11,0,66,168031.4776,126349.3424,0,0,1
870,1,CASH_OUT,386683.04,0,1352623.44,0,80,289359.2965,311438.9863,1,0,1
871,1,CASH_OUT,169854.57,0,8528231.07,0,84,370350.3565,452402.3474,0,0,1
872,1,CASH_OUT,126167.7,0,3278196.43,0,101,402773.8712,520707.7175,0,0,1
873,1,CASH_OUT,152757.58,0,8356019.04,0,85,428676.6807,517084.615,0,0,1
874,1,CASH_OUT,49661.18,0,1937290.51,0,99,378313.4484,457796.0672,0,0,1
875,1,CASH_OUT,73513.5,0,236639,0,42,283415.7774,516409.5746,0,0,1
876,1,CASH_OUT,166335.32,0,1739306.48,0,80,289359.2965,311438.9863,0,0,1
877,1,CASH_OUT,234268.82,0,310152.51,0,42,283415.7774,516409.5746,0,0,1
878,1,CASH_OUT,306280.12,0,1536262.52,0,98,358380.5028,489951.942,0,0,1
879,1,CASH_OUT,194620.68,0,610710.98,0,84,462567.7718,974781.4103,0,0,1
880,1,CASH_OUT,128278.74,0,8508776.62,0,85,428676.6807,517084.615,0,0,1
881,1,CASH_OUT,256773.54,0,888447.97,0,19,165502.3789,125039.8599,0,1,1
882,1,CASH_OUT,105759.12,0,332876.84,0,63,440354.3494,1023044.348,0,0,1
883,1,CASH_OUT,59390.46,0,73791.34,0,96,277053.1357,436932.8358,0,0,1
884,1,CASH_OUT,131991.26,0,1145221.51,0,19,165502.3789,125039.8599,0,1,1
885,1,CASH_OUT,65025.3,0,133181.81,0,96,277053.1357,436932.8358,0,0,1
886,1,CASH_OUT,82054.36,0,174795.14,0,41,131423.3322,90964.73314,0,0,1
887,1,CASH_OUT,69708.79,0,71982.88,0,48,152531.3971,144056.086,0,0,1
888,1,CASH_OUT,9104.26,0,10623,0,42,214223.7798,254247.9625,0,0,1
889,1,CASH_OUT,92553.64,0,297655.51,0,56,313762.4927,514298.2922,0,0,1
890,1,CASH_OUT,66312.08,0,544421.33,0,42,283415.7774,516409.5746,0,0,1
891,1,CASH_OUT,142282.63,0,805331.66,0,84,462567.7718,974781.4103,0,0,1
892,1,CASH_OUT,114499.14,0,129297.57,0,92,334591.8013,446929.3757,0,0,1
893,1,CASH_OUT,76635.24,0,102696.35,0,43,161491.6788,147162.4485,0,0,1
894,1,CASH_OUT,132574,0,198207.11,0,96,277053.1357,436932.8358,0,0,1
895,1,CASH_OUT,39485.21,0,9987286.56,0,80,2000974.07,6570756.873,0,0,1
896,1,CASH_OUT,236825.42,0,243796.7,0,92,334591.8013,446929.3757,0,0,1
897,1,CASH_OUT,327066.19,0,947614.29,0,84,462567.7718,974781.4103,0,0,1
898,1,CASH_OUT,156819.6,0,438635.96,0,63,440354.3494,1023044.348,0,0,1
899,1,CASH_OUT,13136.44,0,1525395.97,0,97,437143.4887,711931.5137,0,0,1
900,1,PAYMENT,4306.89,256849.49,0,0,1,4306.89,0,0,1,0
901,1,PAYMENT,8309.52,252542.6,0,0,1,8309.52,0,0,1,0
902,1,PAYMENT,5363.35,81503.83,0,0,1,5363.35,0,0,1,0
903,1,PAYMENT,132.42,76140.48,0,0,1,132.42,0,0,1,0
904,1,PAYMENT,19644.08,76008.06,0,0,1,19644.08,0,0,1,0
905,1,PAYMENT,895.24,56363.98,0,0,1,895.24,0,0,1,0
906,1,PAYMENT,7641.08,55468.74,0,0,1,7641.08,0,0,1,0
907,1,PAYMENT,31188.22,47827.66,0,0,1,31188.22,0,0,1,0
908,1,PAYMENT,13954.75,16639.44,0,0,1,13954.75,0,0,1,0
909,1,PAYMENT,10497.33,2684.69,0,0,1,10497.33,0,0,1,1
910,1,PAYMENT,5843.75,0,0,0,1,5843.75,0,0,1,1
911,1,PAYMENT,7260.2,0,0,0,1,7260.2,0,0,1,1
912,1,PAYMENT,10285.86,0,0,0,1,10285.86,0,0,1,1
913,1,PAYMENT,6249.78,0,0,0,1,6249.78,0,0,1,1
914,1,PAYMENT,848.74,0,0,0,1,848.74,0,0,1,1
915,1,PAYMENT,6993.7,0,0,0,1,6993.7,0,0,1,1
916,1,PAYMENT,795.29,10360,0,0,1,795.29,0,0,1,0
917,1,PAYMENT,9191.46,0,0,0,1,9191.46,0,0,1,1
918,1,CASH_OUT,132038.41,0,230103.96,0,89,323544.6707,466678.4508,0,0,1
919,1,PAYMENT,6495.27,22040,0,0,1,6495.27,0,0,1,0
920,1,PAYMENT,1679.68,15544.73,0,0,1,1679.68,0,0,1,0
921,1,TRANSFER,47477.97,6066,144658.38,0,60,251997.6715,252956.244,0,0,1
922,1,DEBIT,1260.62,1483,10086,0,29,192069.7959,217509.2239,0,0,0
923,1,PAYMENT,15034.23,40458,0,0,1,15034.23,0,0,1,0
924,1,PAYMENT,3238.39,28773,0,0,1,3238.39,0,0,1,0
925,1,CASH_OUT,251241.14,25534.61,523053.03,0,59,233680.0093,237196.9777,0,0,1
926,1,PAYMENT,3644.12,1230,0,0,1,3644.12,0,0,1,1
927,1,CASH_OUT,283123.48,497409,16872,0,45,247138.7107,267545.8361,0,0,0
928,1,PAYMENT,2851.83,10646,0,0,1,2851.83,0,0,1,0
929,1,CASH_IN,94726.64,69854.13,129704.88,0,60,334454.2048,450639.0382,0,0,0
930,1,PAYMENT,17020.69,164580.77,0,0,1,17020.69,0,0,1,0
931,1,PAYMENT,6523.19,147560.08,0,0,1,6523.19,0,0,1,0
932,1,PAYMENT,1383.56,5309,0,0,1,1383.56,0,0,1,0
933,1,DEBIT,1580.66,31156,12298,0,21,457076.4081,661116.871,0,1,0
934,1,PAYMENT,2466.95,34978.24,0,0,1,2466.95,0,0,1,0
935,1,PAYMENT,1017.85,32511.29,0,0,1,1017.85,0,0,1,0
936,1,PAYMENT,2270.41,60640.12,0,0,1,2270.41,0,0,1,0
937,1,CASH_OUT,102265.88,58369.71,1438958.75,0,95,318117.8245,525756.1287,0,0,1
938,1,DEBIT,13758.63,29858,21305,0,37,295905.5232,369374.6011,0,1,0
939,1,CASH_IN,5221.77,1046,0,0,54,346850.2263,511531.7017,0,0,0
940,1,PAYMENT,12256.66,20800,0,0,1,12256.66,0,0,1,0
941,1,PAYMENT,8227.3,6207,0,0,1,8227.3,0,0,1,1
942,1,PAYMENT,527.15,72421,0,0,1,527.15,0,0,1,0
943,1,PAYMENT,950.25,204944,0,0,1,950.25,0,0,1,0
944,1,PAYMENT,12728.46,83636,0,0,1,12728.46,0,0,1,0
945,1,PAYMENT,1002.96,8325,0,0,1,1002.96,0,0,1,0
946,1,PAYMENT,6917.1,13555,0,0,1,6917.1,0,0,1,0
947,1,PAYMENT,1977.17,43619,0,0,1,1977.17,0,0,1,0
948,1,PAYMENT,9314.84,104536,0,0,1,9314.84,0,0,1,0
949,1,PAYMENT,1157.05,52867,0,0,1,1157.05,0,0,1,0
950,1,DEBIT,3766.99,16600,146166.67,0,36,150206.1242,134988.7827,0,0,0
951,1,PAYMENT,3464.41,5548,0,0,1,3464.41,0,0,1,0
952,1,CASH_OUT,68662.06,2083.59,145843.39,0,38,162082.3605,190316.0496,0,0,1
953,1,DEBIT,8679.29,150592,21056,0,43,216467.7191,206165.175,0,1,0
954,1,PAYMENT,15266.05,13679,0,0,1,15266.05,0,0,1,1
955,1,PAYMENT,8348.75,0,0,0,1,8348.75,0,0,1,1
956,1,PAYMENT,8419.73,0,0,0,1,8419.73,0,0,1,1
957,1,PAYMENT,6688.74,9207,0,0,1,6688.74,0,0,1,0
958,1,PAYMENT,1979.94,82034,0,0,1,1979.94,0,0,1,0
959,1,PAYMENT,9574.31,52463,0,0,1,9574.31,0,0,1,0
960,1,PAYMENT,5287.68,11424,0,0,1,5287.68,0,0,1,0
961,1,PAYMENT,10627.18,6136.32,0,0,1,10627.18,0,0,1,1
962,1,PAYMENT,5809.78,99884,0,0,1,5809.78,0,0,1,0
963,1,TRANSFER,411363.54,39951,52170,0,27,152013.98,126458.2364,1,0,1
964,1,PAYMENT,4086.5,0,0,0,1,4086.5,0,0,1,1
965,1,PAYMENT,19741.22,81762.38,0,0,1,19741.22,0,0,1,0
966,1,PAYMENT,5270.72,62021.17,0,0,1,5270.72,0,0,1,0
967,1,CASH_IN,55827.09,9907,19873,0,76,486891.9499,1438300.326,0,0,0
968,1,CASH_OUT,174068.82,65734.09,1905641.8,0,80,289359.2965,311438.9863,0,0,1
969,1,TRANSFER,1277212.77,1277212.77,0,1,40,220315.207,202813.4663,1,1,1
970,1,CASH_OUT,1277212.77,1277212.77,0,1,89,706712.7882,2149982.629,1,0,1
971,1,CASH_IN,24105.5,144,20875,0,62,292575.9587,383715.4896,0,1,0
972,1,PAYMENT,6854.06,19853,0,0,1,6854.06,0,0,1,0
973,1,CASH_OUT,111899.09,12998.94,10026771.77,0,80,2000974.07,6570756.873,0,0,1
974,1,PAYMENT,1231.79,20792,0,0,1,1231.79,0,0,1,0
975,1,PAYMENT,3380.1,19560.21,0,0,1,3380.1,0,0,1,0
976,1,DEBIT,2869.65,8768,15485,0,35,205226.0791,182818.3401,0,0,0
977,1,PAYMENT,1658.87,16543,0,0,1,1658.87,0,0,1,0
978,1,PAYMENT,823.36,14884.13,0,0,1,823.36,0,0,1,0
979,1,PAYMENT,7541.47,14060.77,0,0,1,7541.47,0,0,1,0
980,1,DEBIT,3635.93,106929,95816.79,0,46,344824.7383,745397.7169,0,0,0
981,1,PAYMENT,1328.59,14469,0,0,1,1328.59,0,0,1,0
982,1,TRANSFER,56145.85,21528,5075,0,55,267765.8069,308547.1783,0,0,1
983,1,PAYMENT,973.18,10762,0,0,1,973.18,0,0,1,0
984,1,PAYMENT,619.24,31960,0,0,1,619.24,0,0,1,0
985,1,DEBIT,300.41,39167,48749.55,0,52,299780.48,539895.8769,0,0,0
986,1,TRANSFER,700967.19,15383,50767.43,0,48,191991.9502,171933.7033,1,0,1
987,1,PAYMENT,8354.27,5611,0,0,1,8354.27,0,0,1,1
988,1,DEBIT,5423.28,20281,11523,0,48,311524.4073,354578.7085,0,1,0
989,1,PAYMENT,708.59,14857.72,0,0,1,708.59,0,0,1,0
990,1,PAYMENT,8358.81,3467,0,0,1,8358.81,0,0,1,1
991,1,PAYMENT,2245.62,30910,0,0,1,2245.62,0,0,1,0
992,1,PAYMENT,4593.59,78282,0,0,1,4593.59,0,0,1,0
993,1,PAYMENT,399.66,153760,0,0,1,399.66,0,0,1,0
994,1,PAYMENT,1617.9,507865,0,0,1,1617.9,0,0,1,0
995,1,PAYMENT,2167.26,13669,0,0,1,2167.26,0,0,1,0
996,1,PAYMENT,9738.95,289748,0,0,1,9738.95,0,0,1,0
997,1,PAYMENT,3396.25,18524,0,0,1,3396.25,0,0,1,0
998,1,PAYMENT,6780.78,52640,0,0,1,6780.78,0,0,1,0
999,1,PAYMENT,2284.54,539,0,0,1,2284.54,0,0,1,1
1000,1,PAYMENT,502.61,15156,0,0,1,502.61,0,0,1,0
1001,1,PAYMENT,8716.47,8236,0,0,1,8716.47,0,0,1,1
1002,1,CASH_OUT,209370.56,0,236285.04,0,69,301312.4107,550013.3933,0,0,1
1003,1,CASH_OUT,117023.79,0,121366.44,0,54,183288.3381,144847.0765,0,0,1
1004,1,PAYMENT,10891.96,4986.72,0,0,1,10891.96,0,0,1,1
1005,1,PAYMENT,4149.86,0,0,0,1,4149.86,0,0,1,1
1006,1,PAYMENT,13252.81,0,0,0,1,13252.81,0,0,1,1
1007,1,PAYMENT,1213.64,86078,0,0,1,1213.64,0,0,1,0
1008,1,PAYMENT,5800.85,41025,0,0,1,5800.85,0,0,1,0
1009,1,PAYMENT,8094.53,50950,0,0,1,8094.53,0,0,1,0
1010,1,PAYMENT,3825.39,4094,0,0,1,3825.39,0,0,1,0
1011,1,PAYMENT,12162.01,38372.2,0,0,1,12162.01,0,0,1,0
1012,1,CASH_OUT,472385.25,26210.19,1541224.63,0,95,318117.8245,525756.1287,1,0,1
1013,1,PAYMENT,13427.34,102672,0,0,1,13427.34,0,0,1,0
1014,1,PAYMENT,1873.13,139873,0,0,1,1873.13,0,0,1,0
1015,1,PAYMENT,6443.58,546,0,0,1,6443.58,0,0,1,1
1016,1,PAYMENT,4008.01,105389,0,0,1,4008.01,0,0,1,0
1017,1,CASH_OUT,197186.52,101380.99,362142.37,0,89,323544.6707,466678.4508,0,0,1
1018,1,PAYMENT,1220.37,159791,0,0,1,1220.37,0,0,1,0
1019,1,DEBIT,1683.95,16741,11346.62,0,29,192069.7959,217509.2239,0,0,0
1020,1,PAYMENT,2713.67,20210,0,0,1,2713.67,0,0,1,0
1021,1,PAYMENT,4867.56,30853.2,0,0,1,4867.56,0,0,1,0
1022,1,CASH_OUT,242940.23,25985.64,1274680.48,0,84,462567.7718,974781.4103,0,0,1
1023,1,PAYMENT,4433.98,10931,0,0,1,4433.98,0,0,1,0
1024,1,PAYMENT,2168.8,653735,0,0,1,2168.8,0,0,1,0
1025,1,PAYMENT,10059.7,10776,0,0,1,10059.7,0,0,1,0
1026,1,PAYMENT,8092.1,1302,0,0,1,8092.1,0,0,1,1
1027,1,PAYMENT,11770.54,255488,0,0,1,11770.54,0,0,1,0
1028,1,PAYMENT,1576.78,18417,0,0,1,1576.78,0,0,1,0
1029,1,PAYMENT,320.53,16482,0,0,1,320.53,0,0,1,0
1030,1,DEBIT,3390.74,48021,9463,0,45,321203.4704,539196.1404,0,1,0
1031,1,PAYMENT,2736.35,22626.55,0,0,1,2736.35,0,0,1,0
1032,1,PAYMENT,6029.92,19890.19,0,0,1,6029.92,0,0,1,0
1033,1,PAYMENT,7506.65,13860.27,0,0,1,7506.65,0,0,1,0
1034,1,PAYMENT,12621.09,112421,0,0,1,12621.09,0,0,1,0
1035,1,PAYMENT,1582.67,14528,0,0,1,1582.67,0,0,1,0
1036,1,PAYMENT,881.26,5386,0,0,1,881.26,0,0,1,0
1037,1,DEBIT,4651.67,35210,50204.54,0,47,288588.7666,290745.9158,0,1,0
1038,1,PAYMENT,8074.16,21495,0,0,1,8074.16,0,0,1,0
1039,1,PAYMENT,4337.08,13420.84,0,0,1,4337.08,0,0,1,0
1040,1,DEBIT,429.42,46064,31281,0,19,123496.7421,108508.2043,0,0,0
1041,1,PAYMENT,7645.96,1798,0,0,1,7645.96,0,0,1,1
1042,1,TRANSFER,221654.28,22377,31493.45,0,60,334454.2048,450639.0382,0,0,1
1043,1,PAYMENT,10932.41,0,0,0,1,10932.41,0,0,1,1
1044,1,PAYMENT,4518.42,8790,0,0,1,4518.42,0,0,1,0
1045,1,PAYMENT,1616.52,50396,0,0,1,1616.52,0,0,1,0
1046,1,PAYMENT,3545.37,98028,0,0,1,3545.37,0,0,1,0
1047,1,CASH_IN,159334.62,1746897.72,15735.13,0,31,245364.7645,288429.6064,0,1,0
1048,1,CASH_OUT,334262.17,1906232.33,1288904.4,0,109,389200.8072,553375.1606,0,0,0
1049,1,PAYMENT,5403.87,14404,0,0,1,5403.87,0,0,1,0
1050,1,PAYMENT,13288.84,21745,0,0,1,13288.84,0,0,1,0
1051,1,PAYMENT,7079.24,13878.66,0,0,1,7079.24,0,0,1,0
1052,1,PAYMENT,4451.95,6799.42,0,0,1,4451.95,0,0,1,0
1053,1,PAYMENT,25554.79,2347.47,0,0,1,25554.79,0,0,1,1
1054,1,PAYMENT,6757.51,20874,0,0,1,6757.51,0,0,1,0
1055,1,PAYMENT,2756.3,27839.46,0,0,1,2756.3,0,0,1,0
1056,1,PAYMENT,4163.82,25083.17,0,0,1,4163.82,0,0,1,0
1057,1,DEBIT,5416.8,51206,19346,0,40,164274.8258,151754.4965,0,0,0
1058,1,PAYMENT,8356.44,26806,0,0,1,8356.44,0,0,1,0
1059,1,DEBIT,7257.7,1369271.13,13711,0,38,169343.0887,176035.8147,0,0,0
1060,1,PAYMENT,5570.5,1362013.43,0,0,1,5570.5,0,0,1,0
1061,1,PAYMENT,9181.99,1356442.93,0,0,1,9181.99,0,0,1,0
1062,1,PAYMENT,663.34,1347260.94,0,0,1,663.34,0,0,1,0
1063,1,PAYMENT,1532.35,1346597.6,0,0,1,1532.35,0,0,1,0
1064,1,PAYMENT,1180.55,1345065.25,0,0,1,1180.55,0,0,1,0
1065,1,PAYMENT,7950.29,1343884.7,0,0,1,7950.29,0,0,1,0
1066,1,PAYMENT,5334.81,1335934.41,0,0,1,5334.81,0,0,1,0
1067,1,PAYMENT,760.21,1330599.59,0,0,1,760.21,0,0,1,0
1068,1,PAYMENT,1697.56,610733.41,0,0,1,1697.56,0,0,1,0
1069,1,PAYMENT,112.56,609035.85,0,0,1,112.56,0,0,1,0
1070,1,PAYMENT,13373.96,608923.29,0,0,1,13373.96,0,0,1,0
1071,1,DEBIT,6606.47,1862,18868.96,0,80,330883.1305,389827.0497,0,0,1
1072,1,CASH_OUT,208501.33,0,8698085.64,0,84,370350.3565,452402.3474,0,0,1
1073,1,PAYMENT,1045.63,26411.48,0,0,1,1045.63,0,0,1,0
1074,1,CASH_OUT,363482.02,25365.85,480622.13,0,92,334591.8013,446929.3757,0,0,1
1075,1,DEBIT,2935.86,41256,18899.88,0,56,257314.1829,289324.8601,0,0,0
1076,1,CASH_IN,88626.65,39083,13360,0,57,1261378.05,3596177.369,0,1,0
1077,1,CASH_OUT,540789.56,18130,1538532.42,0,97,437143.4887,711931.5137,1,0,1
1078,1,PAYMENT,10430.39,73364.91,0,0,1,10430.39,0,0,1,0
1079,1,PAYMENT,4279.07,62934.52,0,0,1,4279.07,0,0,1,0
1080,1,PAYMENT,3537.25,58655.45,0,0,1,3537.25,0,0,1,0
1081,1,TRANSFER,66225.76,11642,16946.28,0,48,311524.4073,354578.7085,0,1,1
1082,1,PAYMENT,964.77,28820,0,0,1,964.77,0,0,1,0
1083,1,PAYMENT,12178.51,0,0,0,1,12178.51,0,0,1,1
1084,1,CASH_OUT,310157.55,0,19105114.55,0,101,427783.1841,546776.4605,0,0,1
1085,1,PAYMENT,2272.54,39494,0,0,1,2272.54,0,0,1,0
1086,1,PAYMENT,6078.56,16124,0,0,1,6078.56,0,0,1,0
1087,1,PAYMENT,4108.8,12083,0,0,1,4108.8,0,0,1,0
1088,1,PAYMENT,2671.31,57811,0,0,1,2671.31,0,0,1,0
1089,1,PAYMENT,12426.38,32300,0,0,1,12426.38,0,0,1,0
